Territorialidades;% indivíduos pertencentes ao quinto mais pobre da distribuição dos indivíduos segundo a renda domiciliar per capita 1991;% indivíduos pertencentes ao quinto mais pobre da distribuição dos indivíduos segundo a renda domiciliar per capita 2000;% indivíduos pertencentes ao quinto mais pobre da distribuição dos indivíduos segundo a renda domiciliar per capita 2010;% indivíduos pertencentes aos dois quintos mais pobres da distribuição dos indivíduos segundo a renda domiciliar per capita 1991;% indivíduos pertencentes aos dois quintos mais pobres da distribuição dos indivíduos segundo a renda domiciliar per capita 2000;% indivíduos pertencentes aos dois quintos mais pobres da distribuição dos indivíduos segundo a renda domiciliar per capita 2010;% indivíduos pertencentes aos três quintos mais pobres da distribuição dos indivíduos segundo a renda domiciliar per capita 1991;% indivíduos pertencentes aos três quintos mais pobres da distribuição dos indivíduos segundo a renda domiciliar per capita 2000;% indivíduos pertencentes aos três quintos mais pobres da distribuição dos indivíduos segundo a renda domiciliar per capita 2010;% indivíduos pertencentes aos quatro quintos mais pobres da distribuição dos indivíduos segundo a renda domiciliar per capita 1991;% indivíduos pertencentes aos quatro quintos mais pobres da distribuição dos indivíduos segundo a renda domiciliar per capita 2000;% indivíduos pertencentes aos quatro quintos mais pobres da distribuição dos indivíduos segundo a renda domiciliar per capita 2010;% dos ocupados sem rendimento 1991;% dos ocupados sem rendimento 2000;% dos ocupados sem rendimento 2010;% dos ocupados com rendimento de até 1 salário mínimo 1991;% dos ocupados com rendimento de até 1 salário mínimo 2000;% dos ocupados com rendimento de até 1 salário mínimo 2010;% dos ocupados com rendimento de até 2 salários mínimo 1991;% dos ocupados com rendimento de até 2 salários mínimo 2000;% dos ocupados com rendimento de até 2 salários mínimo 2010;% dos ocupados com rendimento de até 3 salários mínimo 1991;% dos ocupados com rendimento de até 3 salários mínimo 2000;% dos ocupados com rendimento de até 3 salários mínimo 2010;% dos ocupados com rendimento de até 5 salários mínimo 1991;% dos ocupados com rendimento de até 5 salários mínimo 2000;% dos ocupados com rendimento de até 5 salários mínimo 2010;Produto Interno Bruto per capita 2013;Produto Interno Bruto per capita 2014;Produto Interno Bruto per capita 2015;Produto Interno Bruto per capita 2016;Razão 10% mais ricos / 40% mais pobres 2012;Razão 10% mais ricos / 40% mais pobres 2013;Razão 10% mais ricos / 40% mais pobres 2014;Razão 10% mais ricos / 40% mais pobres 2015;Razão 10% mais ricos / 40% mais pobres 2016;Razão 10% mais ricos / 40% mais pobres 2017;Razão 10% mais ricos / 40% mais pobres 2018;Razão 10% mais ricos / 40% mais pobres 2019;Razão 10% mais ricos / 40% mais pobres 2020;Razão 10% mais ricos / 40% mais pobres 2021;Índice de Atkinson - Longevidade 2012;Índice de Atkinson - Longevidade 2013;Índice de Atkinson - Longevidade 2014;Índice de Atkinson - Longevidade 2015;Índice de Atkinson - Longevidade 2016;Índice de Atkinson - Longevidade 2017;Índice de Atkinson - Longevidade 2018;Índice de Atkinson - Longevidade 2019;Índice de Atkinson - Longevidade 2020;Índice de Atkinson - Longevidade 2021;Índice de Atkinson - Educação 2012;Índice de Atkinson - Educação 2013;Índice de Atkinson - Educação 2014;Índice de Atkinson - Educação 2015;Índice de Atkinson - Educação 2016;Índice de Atkinson - Educação 2017;Índice de Atkinson - Educação 2018;Índice de Atkinson - Educação 2019;Índice de Atkinson - Educação 2020;Índice de Atkinson - Educação 2021;Índice de Atkinson - Renda 2012;Índice de Atkinson - Renda 2013;Índice de Atkinson - Renda 2014;Índice de Atkinson - Renda 2015;Índice de Atkinson - Renda 2016;Índice de Atkinson - Renda 2017;Índice de Atkinson - Renda 2018;Índice de Atkinson - Renda 2019;Índice de Atkinson - Renda 2020;Índice de Atkinson - Renda 2021;Renda per capita 1991;Renda per capita 2000;Renda per capita 2010;% da renda proveniente de rendimentos do trabalho 1991;% da renda proveniente de rendimentos do trabalho 2000;% da renda proveniente de rendimentos do trabalho 2010;Renda per capita média do 1º quinto mais pobre 1991;Renda per capita média do 1º quinto mais pobre 2000;Renda per capita média do 1º quinto mais pobre 2010;Renda domiciliar per capita máxima do 1º quinto mais pobre 1991;Renda domiciliar per capita máxima do 1º quinto mais pobre 2000;Renda domiciliar per capita máxima do 1º quinto mais pobre 2010;Renda per capita média do 2º quinto mais pobre 1991;Renda per capita média do 2º quinto mais pobre 2000;Renda per capita média do 2º quinto mais pobre 2010;Renda domiciliar per capita máxima do 2º quinto mais pobre 1991;Renda domiciliar per capita máxima do 2º quinto mais pobre 2000;Renda domiciliar per capita máxima do 2º quinto mais pobre 2010;Renda per capita média do 3º quinto mais pobre 1991;Renda per capita média do 3º quinto mais pobre 2000;Renda per capita média do 3º quinto mais pobre 2010;Renda domiciliar per capita máxima do 3º quinto mais pobre 1991;Renda domiciliar per capita máxima do 3º quinto mais pobre 2000;Renda domiciliar per capita máxima do 3º quinto mais pobre 2010;Renda per capita média do 4º quinto mais pobre 1991;Renda per capita média do 4º quinto mais pobre 2000;Renda per capita média do 4º quinto mais pobre 2010;Renda domiciliar per capita máxima do 4º quinto mais pobre 1991;Renda domiciliar per capita máxima do 4º quinto mais pobre 2000;Renda domiciliar per capita máxima do 4º quinto mais pobre 2010;Renda per capita média do quinto mais rico 1991;Renda per capita média do quinto mais rico 2000;Renda per capita média do quinto mais rico 2010;Renda per capita média do décimo mais rico 1991;Renda per capita média do décimo mais rico 2000;Renda per capita média do décimo mais rico 2010;Renda domiciliar per capita mínima do décimo mais rico 1991;Renda domiciliar per capita mínima do décimo mais rico 2000;Renda domiciliar per capita mínima do décimo mais rico 2010
Brasil;1.92;1.84;2.41;6.72;6.85;8.59;15.7;15.9;19.23;32.79;32.44;36.6;0.0;6.15;5.58;0.0;43.92;21.91;0.0;72.48;69.56;0.0;80.68;81.67;0.0;90.33;90.4;22.2;22.44;21.17;20.19;16.32;15.66;15.04;14.86;16.15;16.43;17.13;16.94;14.81;17.07;0.1;0.097;0.094;0.091;0.089;0.087;0.085;0.083;0.09;0.096;0.2;0.195;0.188;0.184;0.186;0.177;0.169;0.166;0.153;0.154;0.377;0.367;0.36;0.358;0.377;0.384;0.393;0.39;0.365;0.398;447.56;592.46;793.87;84.26;76.55;74.32;43.0;54.4;95.73;72.87;98.26;170.0;107.29;148.65;245.3;146.91;196.19;324.9;201.04;267.9;422.23;268.63;344.3;510.0;382.53;490.14;689.43;548.84;699.5;930.0;1503.94;2001.24;2529.52;2288.95;3077.25;3884.61;943.09;1268.86;1533.5
Água Branca (PB);4;;1.75;11.73;2.82;8.35;22.94;11.61;21.43;40.98;28.94;44.32;;52.85;32.35;;90.06;66.12;;96.52;91.58;;98.03;96.7;;99.4;98.98;4.65;5.09;5.07;4.9;;;;;;;63.19;145.3;233.65;80.77;64.11;52.84;12.64;;20.45;18.8;;33.67;24.44;20.48;77.12;29.15;42.11;116.29;35.4;63.83;152.77;41.13;93.27;190.0;57.0;125.95;267.39;78.35;181.27;340.0;186.46;516.23;663.03;263.1;819.02;976.22;148.08;264.26;525.0;;;;;;;;;;;;;;;;;;;;;;;;;;;;;;;;;;
Aguiar (PB);4.06;2.66;1.72;11.66;9.41;7.14;24.62;22.77;17.0;46.69;47.06;32.42;;21.85;29.79;;89.56;69.62;;98.06;93.41;;99.5;96.56;;100.0;98.77;5.27;5.33;5.16;5.29;;;;;;;88.31;115.43;407.32;76.08;56.43;65.17;17.92;15.35;35.01;26.56;27.89;70.0;33.57;38.99;110.3;46.07;52.46;144.17;57.23;77.09;200.93;72.4;98.26;250.0;97.44;140.18;314.04;130.69;195.21;416.67;235.4;305.57;1377.37;317.76;379.34;2254.83;179.42;292.81;540.0;;;;;;;;;;;;;;;;;;;;;;;;;;;;;;;;;;
Alagoa Grande (PB);3.65;3.16;2.58;10.36;10.28;10.45;20.25;22.36;23.07;35.06;41.04;42.77;;22.12;26.22;;82.31;60.45;;94.71;92.49;;96.85;96.17;;98.67;98.17;5.69;5.8;5.69;5.56;;;;;;;146.0;184.01;287.94;83.01;59.34;54.12;26.68;29.08;37.12;37.61;49.13;78.75;48.96;65.48;113.33;58.76;83.29;144.5;72.21;111.18;181.66;92.45;140.98;218.57;108.11;171.8;283.63;134.68;220.59;367.5;474.03;542.49;822.56;785.42;813.67;1173.41;197.44;317.87;544.0;;;;;;;;;;;;;;;;;;;;;;;;;;;;;;;;;;
Alagoa Nova (PB);3.81;1.97;2.39;11.82;8.07;9.53;23.7;18.51;22.22;42.82;37.41;44.0;;27.49;25.68;;86.85;67.06;;95.39;93.88;;97.03;96.93;;98.32;98.89;9.81;8.61;9.06;8.09;;;;;;;101.82;164.27;272.81;82.58;57.98;56.03;19.4;16.2;32.54;30.77;39.04;63.33;40.79;50.07;97.39;52.65;65.07;127.5;60.48;85.78;173.09;71.46;117.13;221.67;97.35;155.2;297.11;131.28;196.51;380.0;291.08;514.1;765.93;428.11;775.74;1122.66;190.59;294.77;512.86;;;;;;;;;;;;;;;;;;;;;;;;;;;;;;;;;;
Alagoinha (PB);4.66;3.14;3.13;14.0;10.74;10.99;27.15;23.2;23.2;47.39;42.97;43.74;;28.17;21.59;;85.37;58.25;;95.42;92.77;;97.46;95.95;;99.04;98.93;4.27;4.66;4.62;4.6;;;;;;;85.31;163.13;284.64;75.54;68.19;57.84;19.89;25.6;44.6;31.34;44.9;86.8;39.82;61.96;111.78;47.01;78.08;133.0;56.09;101.63;173.75;66.64;126.33;216.67;86.36;161.3;292.37;110.82;208.22;390.0;224.39;465.15;802.33;319.92;664.88;1147.57;155.13;306.15;517.0;;;;;;;;;;;;;;;;;;;;;;;;;;;;;;;;;;
Alcantil (PB);4.69;3.02;2.36;15.03;11.56;10.63;30.83;26.05;25.44;52.7;50.53;50.27;;28.7;19.92;;87.69;65.84;;98.57;94.39;;100.0;98.09;;100.0;99.65;4.82;5.14;4.92;4.72;;;;;;;120.11;136.38;245.01;86.27;50.55;53.32;28.16;20.59;28.89;44.66;44.62;63.0;62.11;58.23;101.34;75.22;73.69;134.33;94.87;98.84;181.47;116.58;130.14;242.0;131.37;166.89;304.1;155.98;225.47;376.67;284.05;337.35;609.76;369.07;420.2;719.46;230.91;294.77;510.0;;;;;;;;;;;;;;;;;;;;;;;;;;;;;;;;;;
Algodão de Jandaíra (PB);6.05;3.49;2.88;17.72;12.32;11.31;33.47;26.73;25.46;57.69;51.61;50.24;;49.98;37.17;;92.37;65.0;;99.71;96.96;;100.0;98.87;;100.0;99.43;6.33;6.74;6.7;6.18;;;;;;;69.71;119.09;218.7;85.21;55.34;45.5;21.07;20.81;31.54;33.43;41.83;60.0;40.7;52.53;92.1;49.62;69.72;120.67;54.89;85.8;154.76;66.34;117.91;202.5;84.41;148.17;270.99;109.69;195.21;357.5;147.47;288.12;542.33;181.04;342.56;650.59;125.36;269.39;510.0;;;;;;;;;;;;;;;;;;;;;;;;;;;;;;;;;;
Alhandra (PB);4.57;2.59;3.22;13.31;10.95;12.68;26.71;23.48;27.41;46.42;43.43;50.91;;11.06;8.19;;84.93;44.9;;96.23;93.95;;96.89;98.02;;99.08;99.63;26.61;29.52;28.88;29.55;;;;;;;130.29;167.58;236.14;89.46;64.54;65.85;29.79;21.7;38.02;42.98;49.13;78.0;56.94;70.08;111.71;73.57;81.99;141.5;87.27;104.92;173.88;103.07;129.67;214.29;128.43;167.21;277.52;160.62;233.27;352.5;349.04;474.0;579.6;508.14;668.95;713.07;233.17;351.38;510.0;;;;;;;;;;;;;;;;;;;;;;;;;;;;;;;;;;
Amparo (PB);3.04;4.16;2.5;11.92;12.89;10.46;25.81;26.86;23.94;45.81;48.35;47.1;;8.67;42.13;;92.13;76.09;;98.78;97.62;;98.78;98.86;;99.27;99.74;6.21;6.11;6.68;6.55;;;;;;;61.38;147.9;225.5;74.5;59.56;48.97;9.32;30.8;28.21;23.51;48.8;48.0;27.28;64.51;89.77;34.47;80.47;123.6;42.62;103.32;151.89;52.23;122.49;191.67;61.39;158.89;261.24;75.22;210.83;340.0;166.29;381.96;594.07;247.36;516.08;719.65;103.42;294.77;510.0;;;;;;;;;;;;;;;;;;;;;;;;;;;;;;;;;;
Aparecida (PB);5.01;2.63;2.2;14.09;9.06;10.12;27.77;18.96;24.45;48.29;35.16;46.39;;20.85;17.78;;88.27;62.5;;96.5;93.07;;97.67;96.86;;98.6;98.64;5.58;6.16;6.15;5.77;;;;;;;91.96;207.5;271.98;79.38;71.8;50.82;23.05;27.25;29.9;32.24;49.13;63.33;41.72;66.71;107.78;52.26;81.6;150.0;62.89;102.76;194.78;75.22;122.98;251.25;94.39;168.11;298.44;117.53;234.25;382.33;237.75;672.68;729.68;325.49;1064.53;1084.45;170.18;342.4;517.5;;;;;;;;;;;;;;;;;;;;;;;;;;;;;;;;;;
Araçagi (PB);4.39;1.48;1.86;13.76;9.27;8.48;27.75;23.26;21.85;49.1;46.81;45.01;;41.99;38.59;;90.83;73.63;;97.96;95.84;;98.93;97.64;;99.58;99.44;5.64;5.76;5.78;5.52;;;;;;;85.87;127.4;230.52;70.95;53.81;43.0;18.84;9.42;21.45;31.34;35.67;37.33;40.22;49.62;76.26;48.05;65.07;118.0;60.08;89.11;154.08;71.46;117.13;203.67;91.67;150.0;266.95;112.82;205.95;344.0;218.53;338.82;631.7;301.69;434.3;775.08;166.73;294.77;510.0;;;;;;;;;;;;;;;;;;;;;;;;;;;;;;;;;;
Arara (PB);3.51;2.1;2.13;10.67;9.79;8.64;22.19;23.75;21.01;40.24;47.14;43.74;;44.73;41.41;;90.87;77.05;;96.76;93.46;;98.51;96.19;;99.5;99.1;4.58;4.64;4.62;4.45;;;;;;;119.91;151.84;276.67;69.19;46.88;40.0;21.02;15.92;29.42;32.1;36.25;53.0;42.97;58.42;90.04;52.65;78.08;127.0;69.03;105.95;171.14;86.5;146.8;240.0;108.21;177.61;314.55;137.2;229.86;417.5;358.32;401.27;775.6;552.25;528.02;1058.16;189.04;294.77;517.33;;;;;;;;;;;;;;;;;;;;;;;;;;;;;;;;;;
Araruna (PB);2.94;1.34;1.88;8.7;7.95;8.86;17.75;20.8;22.35;34.33;43.62;45.71;;36.97;32.4;;86.99;67.26;;95.16;93.29;;97.98;97.86;;100.0;99.52;4.96;5.09;5.06;5.08;;;;;;;122.14;133.87;244.02;77.75;55.31;51.14;17.98;8.98;22.92;28.21;28.2;39.0;35.17;44.24;85.12;42.31;62.47;127.0;55.25;85.98;164.61;70.52;113.87;216.0;101.25;152.78;285.0;137.9;196.51;375.6;401.06;377.37;662.76;635.13;503.21;903.09;214.37;294.77;513.33;;;;;;;;;;;;;;;;;;;;;;;;;;;;;;;;;;
Areia de Baraúnas (PB);3.66;3.78;3.6;12.49;13.53;12.84;24.27;31.4;27.62;43.59;55.62;49.78;;3.27;23.46;;89.47;63.17;;99.27;90.01;;99.27;96.47;;99.27;98.18;5.75;6.03;5.84;5.32;;;;;;;51.03;126.9;270.54;59.69;61.04;61.49;9.34;23.99;48.67;15.56;42.46;96.67;22.54;61.83;125.02;28.51;87.84;150.0;30.04;113.43;199.91;33.58;134.14;238.75;49.29;153.63;299.77;65.81;180.46;370.4;143.94;281.6;690.64;207.54;345.79;904.03;98.44;292.81;547.14;;;;;;;;;;;;;;;;;;;;;;;;;;;;;;;;;;
Areial (PB);2.21;1.94;2.61;8.06;9.92;10.59;18.81;23.36;25.26;36.11;44.34;48.9;;48.14;45.29;;88.32;70.45;;97.4;95.35;;98.31;98.12;;99.1;99.19;4.92;5.29;5.26;4.89;;;;;;;162.74;176.23;282.18;86.67;55.19;46.98;18.01;17.07;36.75;31.34;42.11;70.0;47.56;70.38;112.63;64.47;97.6;153.5;87.45;118.39;206.99;109.69;147.38;255.0;140.78;184.89;333.53;182.87;234.25;415.0;519.87;490.45;726.86;786.9;718.19;958.99;376.08;294.77;544.0;;;;;;;;;;;;;;;;;;;;;;;;;;;;;;;;;;
Areia (PB);3.41;2.16;2.49;9.94;8.43;9.72;20.92;18.79;21.65;38.22;36.28;41.5;;25.32;20.85;;84.34;61.13;;91.82;88.98;;95.0;92.76;;97.75;96.78;5.86;6.2;6.06;6.01;;;;;;;128.02;179.98;319.92;82.27;64.8;60.79;21.82;19.44;39.84;31.34;39.04;78.0;41.81;56.41;115.68;55.66;73.69;155.0;70.26;93.26;190.78;84.62;114.2;246.25;110.78;157.36;317.5;144.16;221.07;436.67;395.42;573.43;933.21;608.64;864.37;1356.41;257.97;364.39;605.0;;;;;;;;;;;;;;;;;;;;;;;;;;;;;;;;;;
Aroeiras (PB);3.59;2.06;1.48;11.08;10.16;6.4;22.84;23.2;18.25;40.22;44.59;40.92;;28.65;48.7;;87.71;76.48;;97.53;94.67;;99.06;97.33;;99.24;98.78;4.65;4.78;4.91;4.75;;;;;;;100.16;147.8;226.05;85.1;58.73;43.83;18.0;15.23;16.74;26.86;39.04;29.0;37.5;59.87;55.56;47.01;76.13;90.0;58.91;96.36;133.99;70.52;119.95;182.6;87.01;158.06;256.15;109.69;200.09;340.0;299.38;409.46;682.73;461.4;570.16;1019.11;172.06;294.77;514.0;;;;;;;;;;;;;;;;;;;;;;;;;;;;;;;;;;
Assunção (PB);3.3;2.29;3.39;9.94;9.44;10.85;24.98;21.29;22.84;50.19;40.5;41.89;;33.01;20.09;;85.47;58.08;;93.7;92.43;;96.92;96.31;;99.11;97.63;5.75;5.97;5.94;5.99;;;;;;;84.7;178.82;336.67;79.85;60.42;63.04;13.98;20.51;57.03;18.8;42.11;94.29;28.11;63.91;125.67;43.13;87.57;151.75;63.69;105.96;201.85;92.02;131.03;251.67;106.8;171.73;320.6;131.63;221.07;421.0;210.93;531.96;976.95;271.75;806.5;1449.87;172.06;292.81;610.0;;;;;;;;;;;;;;;;;;;;;;;;;;;;;;;;;;
Baía da Traição (PB);3.64;0.95;1.72;11.32;7.27;7.24;24.6;19.57;18.9;47.16;41.35;39.93;;39.41;38.16;;87.24;71.87;;96.79;94.59;;98.42;97.4;;100.0;98.69;5.78;6.08;5.81;5.74;;;;;;;87.08;129.02;231.78;82.34;60.68;56.9;15.83;6.16;19.96;24.58;22.67;33.6;33.45;40.77;63.97;43.84;58.95;92.4;57.83;79.31;135.14;70.52;106.39;178.33;98.24;140.52;243.66;120.88;183.89;316.67;230.05;378.33;695.29;320.33;514.48;955.89;156.9;293.46;510.0;;;;;;;;;;;;;;;;;;;;;;;;;;;;;;;;;;
Bananeiras (PB);3.35;1.42;1.24;9.91;7.47;6.57;20.07;18.75;18.22;37.23;38.82;39.64;;42.92;36.75;;89.57;68.03;;96.71;94.12;;97.96;96.18;;99.26;98.36;6.28;6.42;6.74;7.16;;;;;;;117.0;146.15;253.3;81.65;49.53;49.52;19.59;10.39;15.69;28.93;24.56;28.0;38.38;44.17;67.54;47.01;62.47;102.0;59.43;82.48;147.5;72.71;110.05;201.67;100.38;146.61;271.32;125.36;196.19;363.33;367.22;447.12;768.46;582.28;647.84;1075.59;190.34;294.77;566.67;;;;;;;;;;;;;;;;;;;;;;;;;;;;;;;;;;
Baraúna (PB);6.45;1.03;1.91;17.38;7.38;8.58;32.33;19.64;23.44;54.13;42.56;47.51;;28.54;23.88;;87.36;62.26;;96.23;94.64;;96.88;97.81;;98.21;98.92;5.06;5.25;5.25;5.09;;;;;;;69.78;153.98;211.36;77.94;61.01;45.49;22.5;7.96;20.21;28.21;28.06;34.0;38.14;48.83;70.45;44.21;73.4;110.0;52.17;94.44;157.1;63.93;122.01;196.67;76.04;176.47;254.3;95.18;218.24;334.0;160.05;442.22;550.44;216.12;602.09;685.2;112.82;346.82;510.0;;;;;;;;;;;;;;;;;;;;;;;;;;;;;;;;;;
Barra de Santana (PB);3.17;0.83;1.56;10.47;8.24;9.08;22.46;21.99;22.94;41.64;45.7;49.29;;43.36;38.75;;90.47;80.15;;96.99;97.03;;98.81;98.92;;99.39;100.0;4.69;4.99;5.49;4.83;;;;;;;125.48;119.95;211.08;87.2;53.62;41.04;19.89;5.0;16.5;36.04;29.28;45.0;45.82;44.43;79.36;60.17;58.56;106.67;75.18;82.48;146.26;94.02;98.26;200.0;120.38;142.18;278.1;159.83;187.68;340.0;366.15;325.67;550.47;537.56;435.73;638.42;225.65;283.05;510.0;;;;;;;;;;;;;;;;;;;;;;;;;;;;;;;;;;
Barra de Santa Rosa (PB);5.24;3.64;2.45;14.6;12.0;9.33;27.83;25.16;22.69;47.83;47.75;45.97;;25.62;34.02;;89.96;76.02;;96.56;94.48;;99.06;97.42;;100.0;99.12;5.44;5.41;5.14;4.95;;;;;;;88.15;135.71;233.51;81.25;55.34;46.57;23.09;24.7;28.65;31.34;41.48;52.5;41.27;56.71;80.29;50.14;68.65;113.33;58.29;89.32;156.01;67.69;115.82;203.33;88.17;153.24;271.76;112.82;199.5;340.0;229.94;354.56;636.77;328.1;453.02;904.36;169.24;294.77;512.5;;;;;;;;;;;;;;;;;;;;;;;;;;;;;;;;;;
Barra de São Miguel (PB);5.55;3.19;3.76;15.42;10.44;12.76;28.97;22.48;28.05;49.07;41.64;51.05;;18.24;7.49;;86.58;56.9;;95.36;93.68;;97.21;97.02;;97.5;98.73;5.03;5.19;4.97;5.0;;;;;;;138.55;182.14;302.44;85.85;67.93;62.84;38.45;29.03;56.9;56.41;51.46;102.33;68.39;66.03;136.0;82.27;87.84;181.33;93.85;109.64;231.34;109.53;134.91;276.4;139.26;174.54;347.75;188.04;224.82;455.0;352.79;531.47;739.44;483.0;791.94;969.19;282.06;294.77;605.0;;;;;;;;;;;;;;;;;;;;;;;;;;;;;;;;;;
Bayeux (PB);4.67;4.7;4.5;14.15;14.02;13.86;28.42;28.28;27.85;49.95;50.07;48.58;;1.26;1.88;;65.37;27.95;;90.26;88.11;;94.66;94.4;;98.52;97.92;8.23;8.89;8.16;8.43;;;;;;;160.46;233.25;376.74;77.87;71.15;73.68;37.44;54.76;84.76;56.41;85.65;139.4;76.04;108.71;176.38;94.02;136.65;216.43;114.5;166.38;263.44;139.85;196.51;317.0;172.74;254.07;390.52;216.72;319.75;506.67;401.56;582.36;962.42;544.08;783.78;1367.77;315.67;465.09;692.0;;;;;;;;;;;;;;;;;;;;;;;;;;;;;;;;;;
Belém do Brejo do Cruz (PB);4.46;2.78;3.1;12.75;11.82;12.67;26.66;26.69;27.8;48.07;48.08;50.85;;7.46;13.1;;88.97;62.35;;96.93;93.96;;97.51;97.53;;99.04;99.24;4.99;5.47;5.45;5.36;;;;;;;103.08;138.93;245.71;83.07;66.6;55.52;22.99;19.29;38.09;31.56;43.92;80.75;42.72;62.82;117.59;56.97;86.54;148.0;71.72;103.29;185.8;87.3;122.49;230.8;110.34;148.6;283.3;141.03;180.57;340.0;267.65;360.62;607.34;369.28;492.59;799.09;191.8;283.54;510.0;;;;;;;;;;;;;;;;;;;;;;;;;;;;;;;;;;
Belém (PB);4.09;2.27;2.45;12.44;9.47;10.71;25.38;22.13;24.95;45.84;42.73;47.78;;23.02;24.47;;83.94;61.58;;95.11;93.56;;97.95;96.64;;98.86;99.42;5.85;6.09;6.09;5.81;;;;;;;106.02;167.03;256.2;74.82;60.99;48.89;21.66;18.97;31.43;35.26;42.3;62.2;44.26;60.11;105.74;54.53;81.01;145.0;68.63;105.75;182.44;90.26;137.95;226.0;108.45;172.04;292.47;145.26;221.07;370.0;287.12;478.3;670.79;394.24;681.01;1037.73;227.06;312.33;522.5;;;;;;;;;;;;;;;;;;;;;;;;;;;;;;;;;;
Bernardino Batista (PB);2.83;1.56;1.68;11.56;6.07;6.7;25.54;15.36;19.51;46.73;31.61;44.11;;24.73;27.7;;88.78;57.94;;95.01;91.43;;96.06;95.58;;96.97;99.16;5.1;5.81;5.61;5.7;;;;;;;43.96;133.24;211.04;72.85;69.7;55.14;6.21;10.37;17.74;12.54;19.52;26.8;19.19;30.04;52.92;23.51;45.87;100.0;30.74;61.92;135.25;38.08;76.52;179.33;46.55;108.29;259.5;62.68;147.38;340.0;117.09;455.59;602.39;155.51;690.15;817.11;93.55;298.67;533.5;;;;;;;;;;;;;;;;;;;;;;;;;;;;;;;;;;
Boa Ventura (PB);3.35;2.84;2.58;10.64;10.8;11.83;23.46;23.98;27.84;45.12;45.89;50.83;;9.78;25.6;;87.5;62.01;;97.19;93.68;;98.78;96.42;;99.42;98.8;4.52;4.93;5.05;4.77;;;;;;;82.07;129.79;271.06;73.52;63.15;58.65;13.75;18.44;34.97;23.19;32.53;82.4;29.9;51.61;125.32;37.61;65.07;172.5;52.59;85.56;217.09;67.16;111.27;264.6;88.88;142.19;311.51;108.44;193.91;387.43;225.2;351.13;666.18;317.53;469.6;859.03;177.7;294.77;517.0;;;;;;;;;;;;;;;;;;;;;;;;;;;;;;;;;;
Boa Vista (PB);4.27;3.68;4.68;12.1;11.68;14.69;23.33;24.15;29.96;42.55;43.65;53.09;;2.68;16.71;;70.59;48.41;;90.85;92.08;;94.13;96.08;;97.39;98.33;14.8;12.74;12.72;11.98;;;;;;;166.13;243.81;314.11;87.73;68.38;66.68;35.44;44.8;73.46;47.01;73.01;127.4;65.08;97.59;157.22;76.78;122.01;186.67;93.29;151.96;239.92;119.09;195.21;304.0;159.62;237.78;363.25;188.04;294.77;438.33;477.19;686.93;731.77;738.32;1022.1;957.67;271.09;449.96;582.5;;;;;;;;;;;;;;;;;;;;;;;;;;;;;;;;;;
Bom Jesus (PB);1.62;3.6;3.46;6.1;11.59;12.22;14.66;23.38;25.42;27.23;43.86;45.67;;10.49;17.2;;86.59;59.59;;96.54;94.15;;97.73;96.36;;99.14;98.32;6.11;6.27;6.72;6.6;;;;;;;112.51;148.53;303.29;55.76;67.99;55.6;9.12;26.74;52.41;15.04;47.69;100.5;25.22;59.34;132.92;33.38;75.48;156.0;48.13;87.56;200.22;57.76;108.02;250.0;70.72;152.09;306.96;94.02;196.19;390.4;409.38;416.9;822.13;704.19;563.89;1173.28;141.37;332.34;533.33;;;;;;;;;;;;;;;;;;;;;;;;;;;;;;;;;;
Bom Sucesso (PB);3.27;1.41;2.5;10.49;8.62;11.26;23.53;21.7;26.45;44.14;44.56;52.16;;27.19;32.72;;86.36;69.8;;96.5;94.02;;97.55;98.25;;99.03;99.59;4.95;5.16;5.03;5.04;;;;;;;96.01;155.3;257.9;75.39;59.98;41.3;15.72;10.98;32.29;23.51;32.53;64.38;34.62;55.96;112.89;47.01;73.69;150.0;62.6;101.6;195.91;75.22;143.15;253.33;98.96;177.45;331.53;128.49;227.74;411.33;268.14;430.52;614.18;375.18;591.39;752.11;188.04;312.33;515.0;;;;;;;;;;;;;;;;;;;;;;;;;;;;;;;;;;
Bonito de Santa Fé (PB);2.45;3.11;2.45;7.95;9.91;9.68;17.36;21.56;23.19;33.85;40.63;45.83;;24.0;21.1;;87.28;67.2;;95.86;91.68;;97.24;96.27;;99.05;98.66;4.99;5.35;5.03;4.75;;;;;;;91.03;169.54;267.09;72.14;65.77;59.5;11.17;26.38;32.72;18.08;41.48;63.5;25.01;57.65;96.5;31.82;73.69;137.5;42.85;98.72;180.51;57.12;128.28;236.0;75.05;161.7;302.33;99.81;220.59;375.0;301.08;503.27;721.33;476.09;737.21;1038.94;169.24;312.33;520.0;;;;;;;;;;;;;;;;;;;;;;;;;;;;;;;;;;
Boqueirão (PB);4.49;3.62;4.16;12.26;12.26;13.09;23.77;26.29;27.53;42.47;46.9;50.3;;8.55;14.14;;82.72;64.02;;94.04;93.0;;97.14;97.06;;99.39;99.11;6.59;6.98;6.86;6.4;;;;;;;149.93;177.72;319.11;83.4;64.9;62.41;33.67;32.18;66.41;47.01;58.56;102.0;58.22;76.73;142.5;72.08;100.34;186.67;86.3;124.67;230.33;102.67;147.38;284.0;140.2;183.2;363.3;191.45;264.51;468.0;431.24;471.83;794.5;620.33;638.7;1052.99;307.45;351.38;643.33;;;;;;;;;;;;;;;;;;;;;;;;;;;;;;;;;;
Borborema (PB);4.3;1.72;2.87;11.87;7.75;11.0;23.16;19.37;24.58;40.96;37.56;46.93;;28.12;18.67;;87.29;71.54;;93.02;92.63;;96.37;96.44;;98.19;98.52;7.38;7.2;7.07;7.43;;;;;;;119.97;166.66;236.01;81.66;61.85;54.07;25.77;14.36;33.89;37.61;34.16;58.4;45.4;50.22;95.9;53.73;78.08;124.86;67.73;96.85;160.26;86.19;117.78;204.0;106.78;151.52;263.74;136.33;196.51;333.33;354.16;520.33;618.75;548.44;800.45;810.3;187.41;294.77;510.0;;;;;;;;;;;;;;;;;;;;;;;;;;;;;;;;;;
Brejo do Cruz (PB);5.75;2.91;3.46;14.74;10.73;12.31;28.78;23.58;27.12;49.94;43.43;49.0;;8.53;6.96;;77.97;66.59;;94.88;91.61;;96.93;96.56;;99.03;98.47;5.14;5.48;5.41;5.35;;;;;;;116.36;208.23;287.2;82.36;72.41;60.58;33.43;30.27;49.63;45.13;58.56;93.0;52.33;81.42;127.07;63.46;102.48;161.67;81.67;133.86;212.77;99.66;161.05;260.83;123.1;206.68;314.1;150.43;280.54;380.0;291.28;588.94;732.93;408.29;868.55;994.2;214.05;352.84;548.0;;;;;;;;;;;;;;;;;;;;;;;;;;;;;;;;;;
Brejo dos Santos (PB);3.79;2.91;3.01;11.31;10.03;12.01;23.75;22.16;26.89;44.0;41.42;50.34;;6.78;9.9;;83.95;54.19;;95.18;90.14;;95.86;95.18;;98.99;98.03;5.3;5.37;5.23;4.94;;;;;;;85.43;183.07;267.6;79.37;61.16;51.96;16.18;26.6;40.21;24.18;47.24;69.33;32.13;65.18;120.5;43.13;84.22;157.0;53.13;111.09;199.09;70.52;145.24;250.0;86.51;176.22;313.76;111.48;230.35;396.0;239.2;536.24;660.47;346.96;785.44;902.22;164.54;324.05;522.5;;;;;;;;;;;;;;;;;;;;;;;;;;;;;;;;;;
Caaporã (PB);4.95;2.91;3.45;14.59;11.4;12.96;28.94;24.46;27.35;50.17;44.72;49.31;;2.63;11.23;;77.67;39.69;;92.75;90.34;;96.52;95.7;;97.98;98.39;15.4;14.73;11.89;9.37;;;;;;;106.68;173.23;268.46;90.37;68.62;73.8;26.42;25.23;46.3;39.96;53.24;98.18;51.41;73.55;127.64;65.81;92.28;155.5;76.53;113.07;193.12;91.33;137.3;245.0;113.24;175.52;294.84;139.5;223.1;348.4;265.78;478.78;680.36;364.02;682.42;911.91;195.89;343.08;510.0;;;;;;;;;;;;;;;;;;;;;;;;;;;;;;;;;;
Cabaceiras (PB);3.27;2.86;3.39;10.46;11.69;12.28;21.69;25.06;27.05;40.18;46.11;50.32;;16.13;18.8;;84.06;65.2;;96.26;93.82;;97.81;97.96;;99.41;99.49;5.52;5.6;5.78;5.62;;;;;;;133.54;187.65;283.93;76.1;58.91;49.07;21.82;26.85;48.07;33.58;63.44;85.0;48.01;82.81;126.26;58.88;98.26;166.67;75.02;125.42;209.66;94.02;151.29;255.5;123.42;197.51;330.4;172.2;255.07;428.0;399.43;505.64;702.03;582.28;712.68;904.84;279.37;358.53;515.0;;;;;;;;;;;;;;;;;;;;;;;;;;;;;;;;;;
Cabedelo (PB);2.81;2.12;1.95;8.85;6.59;6.07;18.56;14.13;12.97;34.31;27.89;26.5;;2.84;2.0;;50.86;19.85;;73.86;69.91;;78.62;77.66;;86.8;85.01;26.96;28.04;26.56;24.71;;;;;;;255.62;611.5;1036.21;79.17;72.97;69.81;35.94;64.78;101.14;56.41;99.0;169.25;77.22;136.69;213.26;103.03;176.34;261.25;124.02;230.57;357.77;150.43;294.77;483.33;201.3;420.61;700.75;263.26;663.71;1000.0;839.63;2204.85;3859.1;1327.73;3374.15;6247.11;507.71;1522.63;1857.14;;;;;;;;;;;;;;;;;;;;;;;;;;;;;;;;;;
Cachoeira dos Índios (PB);2.22;2.07;2.25;8.67;9.92;10.03;19.82;24.08;24.48;39.11;45.84;48.31;;38.98;20.94;;85.56;58.74;;97.25;90.79;;98.96;94.83;;99.71;98.52;6.61;7.21;7.39;6.59;;;;;;;73.57;146.09;301.77;66.19;54.6;57.25;8.16;15.11;33.91;15.67;36.6;68.0;23.74;57.35;117.48;31.34;78.41;165.5;41.02;103.45;218.0;52.23;122.49;270.5;70.96;158.9;359.52;97.71;196.51;457.5;223.98;395.65;780.98;330.34;542.44;1045.52;151.79;294.77;570.0;;;;;;;;;;;;;;;;;;;;;;;;;;;;;;;;;;
Cacimba de Areia (PB);4.25;2.29;1.72;13.03;10.2;10.45;28.08;23.66;25.69;50.41;46.43;49.05;;44.89;25.83;;90.5;62.87;;96.47;95.98;;98.53;98.37;;99.68;99.25;5.43;5.97;5.49;5.2;;;;;;;85.81;133.23;249.79;69.95;49.72;54.24;18.25;15.26;21.44;27.16;31.23;48.0;37.65;52.69;109.09;47.01;68.32;155.5;64.58;89.62;190.33;83.16;111.55;240.0;95.82;151.71;291.81;110.47;196.51;340.0;212.75;356.84;644.65;280.55;463.41;818.91;170.41;294.77;510.0;;;;;;;;;;;;;;;;;;;;;;;;;;;;;;;;;;
Cacimba de Dentro (PB);2.71;0.54;2.19;9.0;6.79;9.28;19.01;19.11;22.47;35.82;40.51;44.81;;49.68;31.78;;89.31;72.92;;96.64;94.45;;97.67;96.8;;99.28;98.39;4.45;4.64;4.46;4.47;;;;;;;95.65;123.96;246.21;86.27;52.09;50.55;12.96;3.33;26.93;23.51;19.52;52.5;30.1;38.74;87.34;37.61;58.56;125.0;47.84;76.39;162.3;58.76;98.26;200.33;80.42;132.64;275.1;109.69;179.59;362.0;306.93;368.69;680.0;477.21;510.54;942.71;178.64;294.77;515.0;;;;;;;;;;;;;;;;;;;;;;;;;;;;;;;;;;
Cacimbas (PB);3.56;0.06;2.15;11.4;4.05;7.62;23.46;14.05;20.84;45.75;37.88;44.74;;70.03;51.92;;95.82;73.75;;99.56;96.91;;99.56;99.04;;100.0;99.62;4.32;4.68;4.52;4.59;;;;;;;54.8;78.85;181.17;50.18;38.04;41.67;9.74;0.23;19.44;17.09;4.34;28.0;21.49;15.73;49.57;26.86;28.63;79.0;33.04;39.44;119.75;42.83;58.95;166.89;61.1;93.96;216.46;78.78;139.44;278.67;148.64;244.89;501.49;187.72;326.86;653.04;141.03;196.51;460.0;;;;;;;;;;;;;;;;;;;;;;;;;;;;;;;;;;
Caiçara (PB);4.16;2.35;2.89;13.43;10.46;10.85;27.38;23.16;24.35;48.52;43.69;45.25;;33.58;30.11;;87.39;65.81;;96.83;94.58;;97.88;96.95;;99.93;98.91;5.79;6.0;5.54;5.23;;;;;;;85.09;147.99;294.68;79.09;52.85;50.52;17.7;17.41;42.57;28.21;40.99;86.4;39.44;59.97;117.31;49.36;73.69;155.5;59.34;94.02;198.94;69.57;115.17;247.8;89.96;151.93;307.94;114.18;196.51;405.0;219.0;416.65;806.71;294.48;579.2;1113.79;178.64;294.77;542.5;;;;;;;;;;;;;;;;;;;;;;;;;;;;;;;;;;
Cajazeiras (PB);1.95;2.14;2.86;7.52;8.15;9.83;17.4;18.23;21.55;34.09;35.34;40.16;;14.56;10.43;;70.03;43.09;;87.09;82.52;;90.8;89.3;;95.32;94.23;10.64;11.67;11.15;11.24;;;;;;;188.52;296.35;511.56;78.43;73.59;69.32;18.37;31.78;73.08;37.61;65.07;130.5;52.51;88.91;178.42;69.05;117.13;232.0;93.12;149.42;299.71;117.53;195.21;368.2;157.33;253.48;476.12;202.14;317.7;606.67;621.25;958.16;1528.78;979.47;1488.54;2287.95;366.21;586.93;1005.0;;;;;;;;;;;;;;;;;;;;;;;;;;;;;;;;;;
Cajazeirinhas (PB);4.59;1.88;2.09;12.37;8.18;9.93;23.26;18.73;24.39;40.91;38.59;47.76;;16.4;15.67;;86.34;55.6;;95.0;95.09;;98.7;97.15;;100.0;99.58;6.43;6.34;5.82;5.74;;;;;;;87.53;134.98;205.12;86.9;57.44;49.23;20.07;12.68;21.39;24.45;30.37;46.0;34.07;42.54;80.4;40.29;61.37;116.67;47.65;71.21;148.38;58.76;83.66;170.0;77.25;134.02;239.69;99.66;196.51;331.5;258.63;414.44;542.2;378.72;564.17;668.52;166.89;294.77;510.0;;;;;;;;;;;;;;;;;;;;;;;;;;;;;;;;;;
Caldas Brandão (PB);5.13;2.89;3.11;14.37;11.23;13.0;27.92;26.35;27.39;49.41;49.84;49.1;;28.51;21.67;;90.25;59.17;;98.89;93.97;;99.19;96.26;;99.45;98.38;6.62;6.42;7.4;7.05;;;;;;;102.25;135.39;264.06;84.58;54.14;56.11;26.24;19.58;41.11;37.61;39.04;88.33;47.25;56.42;130.59;56.41;78.08;155.5;69.25;102.4;189.97;90.26;131.57;228.0;109.85;159.01;286.63;139.15;195.7;375.0;258.66;339.55;679.09;347.5;449.28;930.93;188.04;294.77;512.33;;;;;;;;;;;;;;;;;;;;;;;;;;;;;;;;;;
Camalaú (PB);5.13;2.6;2.69;15.82;10.26;11.39;30.65;24.22;26.53;52.43;48.55;50.66;;14.08;37.59;;91.16;77.2;;98.2;96.78;;99.24;98.95;;99.67;99.66;5.49;6.22;6.3;6.34;;;;;;;102.79;145.33;242.92;78.64;60.54;43.39;26.36;18.89;32.65;39.18;35.14;64.0;54.92;55.66;105.72;65.13;78.08;142.4;76.23;101.45;183.82;89.88;136.65;223.33;111.94;176.76;293.16;144.2;235.55;390.0;244.49;373.91;599.25;321.2;486.07;790.41;202.14;294.77;521.25;;;;;;;;;;;;;;;;;;;;;;;;;;;;;;;;;;
Campina Grande (PB);2.92;2.59;3.14;8.82;8.25;9.75;18.2;17.32;20.2;34.47;33.17;37.06;;4.09;3.94;;56.35;24.19;;79.42;76.06;;85.45;84.71;;92.85;91.37;13.76;14.72;14.18;13.63;;;;;;;302.81;449.24;630.03;82.33;74.77;73.73;44.27;58.09;98.87;68.95;97.6;155.5;89.28;127.13;208.39;111.26;156.17;255.0;141.93;203.8;329.08;179.49;260.93;404.0;246.41;356.14;530.97;352.58;498.27;725.0;992.14;1501.04;1988.52;1525.12;2333.13;3017.62;626.8;910.98;1280.0;;;;;;;;;;;;;;;;;;;;;;;;;;;;;;;;;;
Capim (PB);6.19;3.2;2.03;18.01;12.66;11.37;33.26;29.19;26.41;54.48;52.68;49.12;;8.13;18.35;;82.71;45.32;;96.75;95.78;;96.75;99.5;;100.0;99.78;5.72;5.74;5.61;5.68;;;;;;;87.89;121.73;203.67;84.23;69.32;57.45;27.21;19.46;20.64;37.61;40.83;50.0;51.93;57.59;95.12;62.68;73.69;126.8;67.01;100.62;153.23;75.22;122.49;187.5;93.25;142.98;231.25;112.82;165.93;281.5;200.02;287.99;516.81;257.93;384.78;699.45;188.04;237.37;405.0;;;;;;;;;;;;;;;;;;;;;;;;;;;;;;;;;;
Caraúbas (PB);4.6;2.99;3.41;13.27;11.92;12.6;26.64;26.12;27.43;46.3;47.55;50.91;;21.48;24.89;;82.57;66.33;;95.18;93.63;;97.16;96.16;;98.86;98.67;5.19;5.27;5.38;4.97;;;;;;;112.39;164.66;296.38;69.0;62.93;51.94;25.82;24.6;50.55;41.37;52.71;100.0;48.73;73.58;136.11;58.29;98.26;177.4;75.16;116.85;219.81;90.8;134.69;262.5;110.44;176.48;347.94;156.7;232.3;505.0;301.77;431.8;711.72;431.56;593.03;921.29;188.04;294.77;593.33;;;;;;;;;;;;;;;;;;;;;;;;;;;;;;;;;;
Carrapateira (PB);0.2;3.6;2.51;2.49;11.6;10.95;10.3;25.1;25.84;25.55;45.53;49.39;;20.16;25.16;;80.0;58.96;;91.95;92.89;;95.15;96.96;;98.02;100.0;6.41;6.65;6.2;5.91;;;;;;;112.7;160.62;214.54;71.67;67.88;53.24;1.14;28.95;26.91;5.17;42.95;44.6;12.92;64.21;90.5;24.23;88.33;127.43;43.99;108.43;159.8;56.41;126.5;191.86;85.95;164.07;252.65;121.76;205.95;336.67;419.52;437.44;535.27;672.4;612.81;660.47;339.41;294.77;510.0;;;;;;;;;;;;;;;;;;;;;;;;;;;;;;;;;;
Casserengue (PB);4.81;2.41;1.69;13.17;9.84;5.75;26.61;23.67;17.46;46.86;48.55;41.73;;69.5;58.73;;96.24;81.95;;99.31;96.79;;99.88;99.16;;99.88;99.87;4.99;5.11;4.91;4.89;;;;;;;74.47;92.01;171.37;82.55;39.09;34.58;17.9;11.08;14.49;25.86;22.77;22.67;31.12;34.19;34.78;37.61;45.22;60.0;50.07;63.62;100.33;61.11;92.58;138.33;75.42;114.46;207.97;94.02;146.41;284.0;197.86;236.72;498.65;286.43;303.1;652.53;140.09;203.02;416.67;;;;;;;;;;;;;;;;;;;;;;;;;;;;;;;;;;
Catingueira (PB);3.69;1.94;2.29;10.65;8.79;9.63;21.35;21.19;23.14;39.38;42.88;46.4;;31.97;28.68;;80.58;57.2;;94.47;92.77;;97.48;97.18;;98.28;98.62;5.73;5.47;5.16;5.33;;;;;;;69.74;149.33;249.16;74.43;62.34;53.82;12.85;14.51;28.5;18.8;32.53;48.08;24.27;51.13;91.43;28.78;65.5;127.5;37.34;92.62;168.37;47.01;125.58;222.5;62.85;161.93;289.77;86.03;204.48;370.0;211.38;426.48;669.57;298.69;600.03;852.7;172.67;294.77;510.0;;;;;;;;;;;;;;;;;;;;;;;;;;;;;;;;;;
Catolé do Rocha (PB);3.52;2.88;3.5;10.75;10.43;12.03;22.19;22.29;25.47;42.17;40.67;46.18;;10.47;6.91;;77.2;46.55;;92.77;88.13;;95.04;92.06;;97.98;96.59;7.09;7.78;7.95;7.94;;;;;;;125.13;220.03;371.92;83.4;74.53;65.62;22.03;31.73;65.12;32.91;56.37;118.29;45.24;83.06;158.64;57.86;106.25;200.0;71.55;130.41;249.8;92.14;156.17;302.0;125.04;202.2;385.14;177.07;268.41;508.0;361.8;652.75;997.41;511.34;991.24;1467.11;239.48;391.72;666.67;;;;;;;;;;;;;;;;;;;;;;;;;;;;;;;;;;
Caturité (PB);6.24;4.07;3.01;17.41;13.29;10.45;32.13;28.86;22.51;53.74;52.99;40.3;;15.64;14.92;;79.63;54.36;;96.93;91.2;;98.79;95.52;;100.0;98.03;8.46;9.25;8.7;7.08;;;;;;;106.27;170.16;371.05;87.86;60.62;71.63;33.18;34.6;55.81;47.01;61.17;100.0;59.32;78.49;138.0;67.69;104.11;170.0;78.23;132.47;223.72;96.71;156.17;266.25;114.84;205.26;330.09;145.73;260.28;408.0;245.79;400.0;1106.9;307.09;494.84;1759.32;225.65;355.28;566.67;;;;;;;;;;;;;;;;;;;;;;;;;;;;;;;;;;
Conceição (PB);3.12;1.72;2.02;10.29;7.56;8.62;22.31;18.66;21.31;42.8;39.32;41.79;;23.01;19.6;;81.81;67.41;;93.96;91.24;;96.76;96.11;;98.78;98.03;5.09;5.51;5.41;5.41;;;;;;;83.41;154.56;290.63;80.14;66.82;55.36;12.99;13.27;29.41;21.7;29.28;55.5;29.92;45.17;95.8;38.55;62.47;133.0;50.13;85.8;184.42;62.68;117.52;236.0;85.44;159.66;297.72;112.82;219.61;380.0;238.56;468.89;837.58;328.68;675.97;1211.13;188.04;294.77;555.83;;;;;;;;;;;;;;;;;;;;;;;;;;;;;;;;;;
Condado (PB);3.67;3.36;2.73;11.89;10.99;10.84;25.24;24.12;25.02;47.23;46.14;48.91;;20.58;21.16;;82.04;63.93;;94.69;91.25;;98.25;96.29;;99.27;99.07;5.14;5.37;5.37;5.45;;;;;;;107.97;155.14;282.25;73.46;50.57;51.06;19.82;26.08;38.48;31.34;46.67;74.0;44.35;59.18;114.55;56.41;74.57;152.0;72.11;101.86;200.07;94.58;137.04;253.0;118.7;170.81;337.1;147.3;215.22;450.8;284.89;417.78;722.23;386.63;564.4;927.21;238.88;326.98;580.0;;;;;;;;;;;;;;;;;;;;;;;;;;;;;;;;;;
Conde (PB);5.22;2.72;2.85;15.57;9.76;11.15;30.46;21.07;23.82;51.75;39.83;43.55;;7.72;9.54;;77.16;37.4;;92.85;89.73;;95.92;94.47;;97.91;97.51;19.68;18.85;17.1;16.14;;;;;;;111.04;198.34;316.81;88.78;70.41;67.57;28.98;26.98;45.19;47.01;56.05;100.0;57.47;69.79;131.42;70.52;86.73;163.33;82.7;112.19;200.67;97.55;139.71;253.33;118.21;186.04;312.61;150.43;245.96;403.33;267.87;596.68;886.35;366.75;892.26;1290.77;216.25;372.85;550.0;;;;;;;;;;;;;;;;;;;;;;;;;;;;;;;;;;
Congo (PB);1.97;4.71;2.86;10.28;14.62;10.77;23.88;29.83;25.07;45.88;53.77;48.69;;17.6;23.27;;87.71;68.97;;97.42;94.13;;99.3;96.66;;100.0;99.1;6.77;7.21;7.2;6.73;;;;;;;88.73;161.03;263.84;71.71;63.35;52.14;8.74;37.93;37.73;25.07;59.86;72.86;36.86;79.82;104.34;47.01;97.6;143.5;60.34;122.41;188.63;73.87;147.38;248.0;97.59;192.75;311.58;131.63;242.06;400.0;240.13;372.25;676.98;325.09;469.0;950.09;176.76;312.33;515.0;;;;;;;;;;;;;;;;;;;;;;;;;;;;;;;;;;
Coremas (PB);4.08;2.16;3.21;12.44;9.13;10.74;24.56;20.89;23.5;43.53;41.05;45.09;;18.09;14.56;;80.5;70.57;;93.95;91.48;;97.37;95.19;;99.09;97.86;5.55;6.32;6.12;6.13;;;;;;;117.39;168.34;291.3;70.66;59.7;57.47;23.95;18.15;46.71;34.55;41.97;75.0;49.05;58.67;109.71;58.76;74.53;140.8;71.16;98.99;185.92;86.71;125.77;250.0;111.32;169.69;314.42;148.55;226.44;408.0;331.45;496.21;802.11;492.83;708.08;1110.85;206.84;354.89;575.0;;;;;;;;;;;;;;;;;;;;;;;;;;;;;;;;;;
Coxixola (PB);3.49;4.62;2.77;13.25;13.4;11.19;28.01;28.1;25.55;46.77;50.6;48.13;;11.18;42.85;;85.98;74.56;;97.11;93.4;;98.43;96.93;;100.0;99.01;5.79;5.79;6.37;6.37;;;;;;;91.05;171.16;306.15;49.7;59.31;51.61;15.9;39.55;42.46;37.61;63.44;90.0;44.41;75.16;128.85;54.85;93.21;167.67;67.21;125.77;219.76;80.86;147.38;263.75;85.38;192.51;345.72;103.42;254.86;444.0;242.35;422.78;784.44;353.13;553.83;1064.36;169.24;341.62;575.0;;;;;;;;;;;;;;;;;;;;;;;;;;;;;;;;;;
Cruz do Espírito Santo (PB);5.03;2.29;3.77;14.17;10.62;14.07;28.29;24.51;29.41;48.62;46.12;53.05;;20.31;18.56;;82.6;52.36;;95.33;95.69;;97.89;98.57;;99.13;99.66;5.29;5.42;5.14;5.2;;;;;;;112.04;152.15;217.47;77.67;70.14;57.38;28.18;17.4;41.02;40.43;45.33;81.0;51.2;63.4;111.93;64.47;81.66;133.33;79.11;105.69;166.86;94.02;130.46;204.0;113.89;164.36;257.06;133.72;207.31;314.44;287.8;409.89;510.53;412.43;565.73;650.73;199.59;294.77;454.67;;;;;;;;;;;;;;;;;;;;;;;;;;;;;;;;;;
Cubati (PB);4.44;2.84;2.77;12.97;10.68;11.0;25.98;24.52;24.87;45.99;45.15;48.54;;23.16;26.03;;89.2;68.51;;94.97;94.33;;97.21;97.88;;98.71;99.55;5.35;5.55;5.58;5.21;;;;;;;86.08;177.64;237.71;82.39;62.65;53.07;19.11;25.18;32.97;28.21;48.8;66.8;36.71;69.71;97.82;45.13;97.6;127.5;55.99;122.9;164.77;67.69;147.38;206.67;86.14;183.19;281.33;112.82;245.96;366.67;232.48;487.19;612.29;331.1;682.5;832.26;172.06;333.81;520.0;;;;;;;;;;;;;;;;;;;;;;;;;;;;;;;;;;
Cuité de Mamanguape (PB);2.72;1.29;2.3;10.61;8.99;11.51;24.34;22.35;25.89;46.97;43.74;48.57;;38.77;29.8;;92.03;63.87;;98.92;94.51;;99.24;97.63;;99.41;98.92;5.97;5.89;5.8;5.49;;;;;;;81.56;147.78;214.92;78.39;51.49;51.05;11.1;9.54;24.75;25.86;36.85;60.0;32.16;56.88;98.95;37.61;78.08;126.4;55.98;98.69;154.54;71.46;117.91;187.78;92.31;158.11;243.62;112.82;196.51;305.0;216.24;415.67;546.84;300.38;574.93;743.79;161.71;294.77;455.0;;;;;;;;;;;;;;;;;;;;;;;;;;;;;;;;;;
Cuitegi (PB);5.13;2.75;3.69;14.91;10.4;12.41;30.31;22.86;25.51;53.68;42.98;46.66;;30.94;17.3;;89.24;57.14;;97.32;93.36;;97.93;97.77;;99.4;99.24;4.77;5.03;5.1;5.09;;;;;;;82.23;142.5;265.78;80.24;54.09;55.65;21.09;19.62;49.1;30.43;41.83;89.0;40.21;54.51;115.81;51.52;73.45;141.5;63.32;88.75;174.14;80.29;106.71;218.25;96.06;143.37;281.08;114.39;195.21;350.33;190.45;406.26;708.59;248.53;575.87;932.44;151.22;294.77;510.0;;;;;;;;;;;;;;;;;;;;;;;;;;;;;;;;;;
Cuité (PB);3.95;1.69;2.36;11.81;8.44;10.11;24.4;20.44;23.6;45.17;39.89;46.45;;43.34;28.94;;87.18;68.6;;95.4;94.26;;96.92;97.5;;99.08;98.63;5.68;6.08;5.88;5.83;;;;;;;94.33;173.87;284.57;80.45;61.4;51.42;18.61;14.73;33.64;28.21;39.04;72.33;37.08;58.65;110.14;47.01;77.6;145.71;59.41;104.3;192.03;75.22;141.39;246.67;97.96;169.14;325.14;131.63;222.54;406.67;258.6;522.53;752.75;357.86;764.23;1030.8;195.88;341.62;542.5;;;;;;;;;;;;;;;;;;;;;;;;;;;;;;;;;;
Curral de Cima (PB);0.91;2.04;2.1;3.55;10.43;9.06;7.81;23.97;22.25;15.17;46.99;45.0;;38.84;32.37;;93.71;76.08;;97.48;94.92;;98.97;97.77;;100.0;98.63;5.9;5.72;5.11;5.16;;;;;;;63.89;113.37;214.4;91.76;52.88;46.34;2.9;11.58;22.5;6.15;32.53;46.0;8.44;47.57;74.62;11.07;60.95;102.5;13.6;76.76;141.42;17.83;98.16;180.0;23.52;130.47;243.88;29.51;186.42;336.67;270.99;300.49;583.57;506.21;377.55;736.49;44.51;292.81;510.0;;;;;;;;;;;;;;;;;;;;;;;;;;;;;;;;;;
Curral Velho (PB);3.02;2.62;1.83;10.27;8.94;8.17;21.78;22.51;18.94;40.08;45.41;37.47;;7.31;11.14;;85.07;55.6;;96.54;82.24;;98.52;93.23;;99.52;95.77;5.55;5.97;5.9;5.67;;;;;;;100.46;127.83;362.28;79.64;65.9;67.49;15.16;16.74;33.15;24.18;29.28;62.83;36.41;40.39;114.81;47.32;58.95;154.29;57.81;86.77;195.18;68.56;107.69;252.5;91.95;146.31;335.55;119.88;186.87;448.0;300.98;348.94;1117.33;440.95;497.8;1714.78;235.05;228.39;655.0;;;;;;;;;;;;;;;;;;;;;;;;;;;;;;;;;;
Damião (PB);3.51;0.76;2.73;11.24;6.92;10.16;23.73;18.17;24.07;44.76;38.79;47.99;;61.01;55.08;;96.49;85.47;;98.09;96.92;;99.03;99.0;;99.41;99.61;4.93;4.91;4.88;4.89;;;;;;;62.02;90.25;182.89;85.43;45.65;39.93;10.88;3.42;25.0;20.15;14.64;43.67;23.96;27.8;67.87;29.38;42.11;96.67;38.75;50.75;127.27;53.73;62.47;166.8;65.22;93.08;218.74;89.16;136.0;286.0;171.31;276.21;476.34;237.68;380.34;609.4;130.37;208.87;393.33;;;;;;;;;;;;;;;;;;;;;;;;;;;;;;;;;;
Desterro (PB);2.75;1.08;1.92;9.05;7.86;8.69;19.07;20.87;21.51;36.08;42.94;43.53;;39.25;35.61;;86.0;69.89;;96.42;93.99;;98.13;96.64;;99.47;98.85;4.56;5.02;4.72;4.82;;;;;;;87.8;134.83;247.16;77.87;53.36;52.08;12.06;7.28;23.75;22.56;26.03;46.67;27.64;45.7;83.67;34.19;67.02;120.0;44.0;87.69;158.45;56.41;105.17;203.33;74.66;148.83;272.02;94.02;196.51;355.0;280.6;384.65;695.1;438.49;522.16;943.44;151.37;294.77;513.5;;;;;;;;;;;;;;;;;;;;;;;;;;;;;;;;;;
Diamante (PB);4.45;0.85;1.76;13.71;6.43;8.56;27.95;18.97;21.77;49.82;41.37;42.78;;45.61;27.97;;90.5;57.44;;97.67;92.37;;99.02;97.8;;99.19;99.58;5.18;5.35;5.13;4.99;;;;;;;57.25;122.26;264.08;78.6;53.57;47.54;12.75;5.2;23.28;20.89;16.27;47.71;26.49;34.09;89.81;32.38;51.11;127.5;40.78;76.65;174.3;48.05;98.91;218.33;62.6;136.94;277.49;78.27;173.25;355.0;143.65;358.39;758.83;192.64;518.39;978.59;112.82;243.62;510.0;;;;;;;;;;;;;;;;;;;;;;;;;;;;;;;;;;
Dona Inês (PB);3.18;;2.11;10.23;4.52;7.52;20.65;15.52;19.61;37.53;38.16;44.88;;54.2;44.59;;89.95;75.74;;96.71;94.45;;98.1;98.04;;99.66;99.48;4.71;5.0;4.83;4.94;;;;;;;99.59;118.56;208.12;80.7;56.89;42.16;15.83;;21.91;26.86;;30.75;35.09;26.81;56.36;42.44;42.11;91.0;51.89;65.19;125.79;62.68;92.31;170.0;84.09;134.18;263.01;112.82;191.58;340.0;311.05;366.6;597.55;482.24;498.86;687.92;181.15;294.77;510.0;;;;;;;;;;;;;;;;;;;;;;;;;;;;;;;;;;
Duas Estradas (PB);5.08;2.65;2.34;13.75;9.66;9.67;27.71;20.61;23.85;49.08;41.16;46.59;;33.07;33.24;;85.79;67.87;;95.07;90.12;;97.31;97.0;;98.28;98.93;6.92;7.01;7.24;6.69;;;;;;;89.11;160.36;269.85;70.51;55.81;54.78;22.62;21.24;31.55;29.46;36.6;65.0;38.63;56.25;98.97;47.01;72.88;133.5;62.22;87.76;191.32;77.57;102.81;249.17;95.22;164.82;306.76;117.53;251.26;400.0;226.86;471.75;720.66;310.04;660.77;957.6;181.15;300.62;533.33;;;;;;;;;;;;;;;;;;;;;;;;;;;;;;;;;;
Emas (PB);4.11;1.36;4.61;11.49;6.86;13.8;23.2;17.37;27.97;42.27;35.72;49.07;;31.57;13.07;;91.99;56.86;;98.14;95.66;;98.94;98.23;;99.44;99.09;5.88;5.85;5.54;5.52;;;;;;;76.37;121.09;251.41;85.65;52.39;60.05;15.68;8.24;57.93;20.89;23.43;89.0;28.21;33.3;115.54;35.26;46.85;139.0;44.7;63.65;178.16;53.73;74.57;211.67;72.83;111.11;265.19;104.05;148.85;330.0;220.44;389.17;645.76;319.74;593.1;883.54;154.66;231.0;507.5;;;;;;;;;;;;;;;;;;;;;;;;;;;;;;;;;;
Esperança (PB);2.98;2.14;2.53;9.47;8.93;9.88;20.62;20.74;22.62;38.6;39.9;43.18;;32.94;23.2;;82.62;54.14;;94.77;91.88;;97.04;95.24;;98.37;97.74;8.08;8.55;8.2;8.11;;;;;;;138.03;207.9;330.66;82.97;66.42;59.04;20.57;22.29;41.84;30.09;49.13;85.0;44.8;70.49;121.56;58.76;98.09;163.14;76.94;122.85;210.52;95.59;147.38;255.0;124.12;199.12;339.95;164.54;287.93;475.0;423.73;624.75;944.7;637.39;929.94;1368.8;282.06;382.61;596.75;;;;;;;;;;;;;;;;;;;;;;;;;;;;;;;;;;
Fagundes (PB);0.84;0.52;2.2;8.21;6.61;9.31;21.23;18.7;22.67;43.17;40.78;45.58;;52.2;44.25;;88.45;71.85;;96.29;95.56;;98.35;97.91;;99.75;99.32;5.48;5.64;5.64;5.14;;;;;;;75.28;132.14;235.02;74.08;46.17;45.71;3.17;3.45;25.85;17.21;19.52;45.2;27.73;40.22;83.54;37.61;58.84;115.2;49.02;79.89;156.99;62.68;104.86;198.5;82.58;145.89;269.29;112.07;196.51;350.0;213.92;391.23;635.43;291.32;528.87;905.64;171.59;294.77;515.0;;;;;;;;;;;;;;;;;;;;;;;;;;;;;;;;;;
Frei Martinho (PB);3.61;2.02;2.56;11.51;10.35;9.54;24.14;24.68;21.97;44.57;46.87;40.54;;36.54;20.56;;87.55;63.82;;93.98;91.86;;96.8;95.74;;98.99;98.87;5.51;5.92;6.02;5.68;;;;;;;128.75;181.91;405.38;79.11;63.32;64.04;23.25;18.42;51.95;31.34;49.13;103.33;50.82;75.73;141.51;68.5;98.39;184.0;81.35;130.31;251.84;99.66;156.17;310.0;131.5;201.84;376.39;172.53;247.64;507.5;356.83;483.26;1153.76;514.35;686.61;1886.18;232.04;307.45;585.0;;;;;;;;;;;;;;;;;;;;;;;;;;;;;;;;;;
Gado Bravo (PB);4.56;1.08;1.46;13.65;7.3;6.49;27.08;21.25;19.11;48.86;45.02;42.69;;42.04;56.72;;93.5;78.67;;98.99;96.29;;99.59;97.75;;100.0;99.55;4.6;4.71;4.65;4.55;;;;;;;66.67;103.33;170.29;84.32;48.04;37.79;15.21;5.56;12.46;26.12;19.52;26.8;30.27;32.13;42.78;36.77;48.8;75.0;44.78;72.1;107.47;58.76;97.6;142.5;72.62;122.79;200.8;96.37;149.2;257.14;170.47;284.06;486.75;227.15;379.02;644.19;156.7;234.25;460.0;;;;;;;;;;;;;;;;;;;;;;;;;;;;;;;;;;
Guarabira (PB);3.49;3.47;3.51;10.33;10.95;11.17;20.84;23.13;23.36;37.59;43.27;42.7;;13.19;6.91;;70.66;35.26;;88.61;83.12;;92.27;90.33;;96.67;95.39;9.24;10.74;10.54;10.65;;;;;;;173.4;260.25;430.83;76.11;72.13;70.28;30.25;45.12;75.61;47.01;73.69;126.67;59.32;97.37;164.97;74.04;122.49;205.6;91.07;158.48;262.55;112.04;196.51;319.33;145.27;262.14;416.67;188.04;339.01;510.0;541.09;738.14;1249.74;837.96;1068.19;1809.87;319.67;503.15;855.0;;;;;;;;;;;;;;;;;;;;;;;;;;;;;;;;;;
Gurinhém (PB);5.69;3.01;3.1;16.31;11.61;12.68;30.03;25.45;27.64;50.99;47.24;51.65;;31.66;29.5;;87.96;53.55;;96.42;95.3;;98.28;97.93;;99.57;99.58;6.11;6.14;6.29;6.19;;;;;;;81.62;142.07;235.88;83.92;62.79;55.75;23.23;21.39;36.54;34.47;45.55;80.5;43.35;61.07;113.0;47.25;78.08;139.5;55.99;98.34;176.45;65.81;122.01;224.0;85.5;154.79;283.11;109.06;195.99;355.0;200.01;374.76;570.34;276.56;507.76;687.08;145.42;294.77;510.0;;;;;;;;;;;;;;;;;;;;;;;;;;;;;;;;;;
Gurjão (PB);3.61;4.86;3.61;11.71;14.3;12.98;24.06;27.88;27.82;41.62;49.31;51.01;;9.72;41.68;;84.95;65.07;;95.36;93.59;;97.23;96.84;;98.98;98.93;5.52;5.88;6.0;5.85;;;;;;;113.09;189.83;288.53;73.32;61.96;57.06;20.41;46.14;52.14;35.26;58.56;100.0;45.82;89.62;135.08;56.41;117.13;175.0;69.83;128.83;214.07;86.03;156.17;255.0;99.27;203.46;334.56;123.57;264.51;407.5;330.1;481.11;701.26;508.37;656.63;932.39;181.46;349.42;555.0;;;;;;;;;;;;;;;;;;;;;;;;;;;;;;;;;;
Ibiara (PB);3.48;3.13;1.65;10.65;10.97;7.96;24.03;24.79;21.5;44.93;47.48;45.06;;30.33;26.56;;90.11;62.48;;97.18;91.54;;98.97;96.8;;99.75;98.49;4.83;5.24;5.11;5.14;;;;;;;51.83;128.85;242.08;74.05;51.4;41.29;9.01;20.19;19.94;12.69;34.97;30.0;18.58;50.5;76.4;25.52;64.42;125.0;34.7;89.02;163.9;45.13;114.78;207.33;54.16;146.2;285.18;70.52;188.18;368.4;142.7;338.36;661.77;198.09;454.24;948.2;109.06;278.17;515.0;;;;;;;;;;;;;;;;;;;;;;;;;;;;;;;;;;
Igaracy (PB);4.35;2.93;2.14;12.5;10.23;9.51;25.58;22.8;23.09;47.82;42.98;45.26;;25.88;25.72;;87.5;64.13;;95.88;92.41;;97.27;96.97;;99.48;98.61;5.42;5.77;5.51;5.42;;;;;;;62.12;144.14;286.68;72.51;57.13;49.82;13.52;21.15;30.66;18.8;39.04;63.43;25.31;52.55;105.64;31.34;70.67;144.5;40.64;90.62;194.71;52.89;109.32;252.67;69.07;145.45;317.74;90.26;217.01;402.0;162.06;410.92;781.62;212.08;550.03;1078.94;133.51;311.68;537.5;;;;;;;;;;;;;;;;;;;;;;;;;;;;;;;;;;
Imaculada (PB);3.07;;1.95;10.06;5.06;8.57;22.26;18.04;22.85;41.37;41.78;46.69;;57.66;42.41;;89.34;68.19;;98.09;93.84;;99.05;97.87;;99.59;99.08;4.22;4.42;4.22;4.1;;;;;;;76.97;101.74;208.83;84.13;56.51;54.79;11.8;;20.38;20.15;;30.75;26.91;25.73;69.1;35.26;49.13;102.0;46.95;66.03;149.07;62.05;84.22;186.67;73.55;120.77;248.91;91.67;166.9;337.5;225.64;296.18;560.35;339.85;391.3;731.44;134.31;244.01;490.0;;;;;;;;;;;;;;;;;;;;;;;;;;;;;;;;;;
Ingá (PB);4.58;2.52;2.65;13.6;10.16;11.37;27.68;23.06;25.31;49.33;46.65;47.21;;28.26;32.97;;83.0;57.93;;94.75;93.12;;97.64;96.39;;99.57;98.91;5.38;5.64;5.44;5.58;;;;;;;107.51;169.48;282.85;79.01;57.09;51.77;24.6;21.38;37.46;36.42;46.85;84.6;48.47;64.75;123.28;61.11;83.66;155.5;75.71;109.32;197.23;94.02;147.38;253.75;116.36;199.87;309.75;147.59;267.72;392.5;272.38;452.09;748.95;368.84;603.23;1031.57;211.55;352.35;511.0;;;;;;;;;;;;;;;;;;;;;;;;;;;;;;;;;;
Itabaiana (PB);4.15;3.54;3.47;12.16;11.45;11.42;24.98;23.81;24.43;45.64;43.28;47.24;;12.33;13.74;;78.99;51.11;;92.93;89.9;;95.1;94.68;;98.55;97.96;6.73;7.36;7.23;7.0;;;;;;;137.12;203.22;319.34;79.23;66.69;60.98;28.42;35.99;55.38;41.79;62.47;97.5;54.95;80.34;126.92;70.04;98.16;163.0;87.86;125.61;207.83;109.06;147.38;255.0;141.7;197.81;364.18;185.04;263.53;497.43;372.67;576.36;843.9;523.99;836.43;1160.31;300.86;411.89;600.0;;;;;;;;;;;;;;;;;;;;;;;;;;;;;;;;;;
Itaporanga (PB);3.31;1.97;3.01;10.37;8.65;11.06;22.05;20.63;24.79;40.84;40.83;46.55;;10.38;9.25;;77.95;52.06;;91.51;88.53;;94.96;94.08;;98.01;97.34;6.75;7.22;6.98;6.76;;;;;;;114.09;209.61;349.02;75.56;71.46;66.98;18.9;20.65;52.56;30.56;44.9;102.0;40.24;69.98;140.46;51.71;97.6;187.86;66.67;125.59;239.66;83.57;153.24;292.5;107.18;211.72;379.72;135.89;294.11;502.5;337.46;620.1;934.15;505.77;895.56;1318.29;219.38;442.15;680.0;;;;;;;;;;;;;;;;;;;;;;;;;;;;;;;;;;
Itapororoca (PB);4.7;3.41;2.78;13.91;11.51;11.43;27.54;24.52;25.69;46.78;46.05;48.59;;12.51;21.55;;85.1;66.26;;96.65;95.01;;98.29;97.84;;99.15;99.02;5.74;5.78;5.92;5.91;;;;;;;110.18;170.75;235.44;84.08;64.49;54.47;25.87;29.1;32.78;40.29;52.06;63.0;50.75;69.13;101.73;62.68;89.52;132.0;75.1;111.11;167.96;87.75;137.3;203.33;105.98;183.81;269.56;132.19;244.66;340.0;293.2;460.59;609.81;428.06;638.92;741.2;190.39;324.05;510.0;;;;;;;;;;;;;;;;;;;;;;;;;;;;;;;;;;
Itatuba (PB);5.18;2.33;2.54;14.01;10.22;11.08;27.3;24.43;25.02;48.4;47.96;47.54;;35.06;26.14;;88.89;62.23;;97.2;94.49;;99.01;97.9;;100.0;99.29;5.99;6.24;5.9;5.89;;;;;;;99.32;120.89;244.16;83.28;59.16;47.73;25.74;14.09;31.02;37.61;31.23;60.0;43.85;47.66;104.19;52.65;63.44;133.0;66.0;85.95;170.28;83.68;106.28;210.4;104.76;142.2;274.85;135.7;195.21;364.29;256.25;314.57;642.71;359.39;401.85;781.85;172.92;278.17;510.0;;;;;;;;;;;;;;;;;;;;;;;;;;;;;;;;;;
Jacaraú (PB);3.33;1.3;2.03;11.3;8.06;8.69;23.55;20.81;21.37;41.25;42.12;43.31;;42.84;32.24;;90.35;73.36;;96.91;93.14;;98.31;96.42;;99.25;98.67;5.62;5.66;5.57;5.73;;;;;;;95.97;141.23;250.76;73.8;56.47;47.91;15.98;9.2;25.47;28.21;29.28;46.33;38.24;47.71;83.53;47.01;66.76;123.0;58.78;90.03;158.91;69.44;114.78;207.33;84.96;150.53;275.11;112.82;196.51;361.67;281.9;408.7;711.34;431.51;568.98;964.96;160.3;294.77;520.0;;;;;;;;;;;;;;;;;;;;;;;;;;;;;;;;;;
Jericó (PB);4.15;2.23;2.39;11.3;9.69;11.12;23.46;23.0;25.03;44.06;45.66;45.54;;19.4;15.06;;80.02;53.78;;93.87;91.0;;96.39;95.24;;98.62;98.12;5.09;5.47;5.24;5.05;;;;;;;115.05;174.78;290.17;83.57;68.91;50.99;23.88;19.52;34.74;33.58;43.92;80.0;41.15;65.18;126.65;51.28;91.1;164.86;69.92;116.28;201.71;88.6;146.41;253.33;118.51;198.09;297.67;157.48;256.7;360.0;321.77;474.85;781.61;459.21;644.69;1206.24;231.29;392.37;517.33;;;;;;;;;;;;;;;;;;;;;;;;;;;;;;;;;;
João Pessoa (PB);2.45;2.43;2.54;7.61;7.57;7.97;16.38;16.47;17.04;33.18;33.77;33.45;;1.71;1.48;;45.37;17.56;;71.26;67.74;;78.63;78.35;;88.38;86.89;16.32;17.59;16.67;15.5;;;;;;;483.07;662.85;964.82;76.89;70.27;73.21;59.15;80.69;122.35;94.02;125.58;195.0;124.6;170.32;262.23;159.83;219.77;338.4;211.86;294.83;437.45;277.36;390.42;550.0;405.74;573.29;791.61;603.78;852.41;1140.67;1614.01;2195.11;3210.6;2410.74;3240.88;4879.21;1132.63;1561.67;2100.0;;;;;;;;;;;;;;;;;;;;;;;;;;;;;;;;;;
Juarez Távora (PB);4.39;3.82;2.55;13.12;12.91;11.35;25.95;27.1;25.93;46.22;49.87;49.43;;32.07;33.04;;85.1;65.8;;96.78;96.16;;97.55;98.69;;99.61;99.56;4.83;5.08;4.93;4.81;;;;;;;116.63;169.79;236.56;80.94;61.17;50.52;25.61;32.44;30.2;39.25;58.56;66.0;50.88;77.15;104.1;61.11;97.6;130.6;74.83;120.44;172.4;90.89;147.38;207.4;118.2;193.31;278.0;152.78;273.29;340.0;313.63;425.59;612.73;455.38;554.44;846.17;200.4;337.71;512.5;;;;;;;;;;;;;;;;;;;;;;;;;;;;;;;;;;
Juazeirinho (PB);4.64;2.7;2.29;12.82;11.0;10.44;25.23;24.67;24.26;44.49;46.76;46.27;;23.88;37.08;;81.86;64.32;;95.1;94.27;;97.45;97.59;;99.41;99.5;5.05;5.56;5.42;5.32;;;;;;;93.65;150.21;255.68;76.85;64.98;58.32;21.75;20.31;29.22;31.34;46.85;64.0;38.27;62.29;104.2;47.01;78.3;138.0;58.12;102.69;176.71;71.93;126.89;219.2;90.21;165.92;281.38;120.14;215.01;358.33;259.92;399.82;684.2;372.1;539.97;872.44;183.07;294.77;510.0;;;;;;;;;;;;;;;;;;;;;;;;;;;;;;;;;;
Junco do Seridó (PB);4.55;4.11;3.72;13.53;12.36;13.0;27.32;25.49;27.1;47.46;46.0;48.27;;23.21;16.75;;88.78;53.97;;96.7;92.88;;97.93;96.74;;99.44;98.76;5.63;6.29;6.29;6.56;;;;;;;90.5;148.18;280.15;80.31;66.36;62.55;20.58;30.46;52.12;29.82;48.8;98.8;40.66;61.12;129.91;53.05;74.18;159.0;62.4;97.28;197.52;75.22;117.91;242.0;91.13;151.94;296.55;109.38;193.26;364.0;237.74;400.08;725.54;344.83;564.58;1117.79;168.23;294.11;511.0;;;;;;;;;;;;;;;;;;;;;;;;;;;;;;;;;;
Juripiranga (PB);5.51;3.35;1.87;15.01;11.4;8.95;29.27;23.92;22.1;50.3;42.43;44.52;;8.57;11.61;;82.15;48.67;;94.55;90.83;;96.6;96.07;;99.02;99.17;6.05;6.24;5.91;6.15;;;;;;;99.53;155.84;235.6;82.61;65.41;54.27;27.44;26.12;22.06;37.61;47.72;44.25;47.27;62.72;83.42;56.41;75.57;118.89;70.95;97.58;154.92;82.74;117.13;192.0;104.68;144.17;264.04;131.63;195.21;354.0;247.32;448.62;652.68;332.33;667.57;858.03;188.04;293.46;511.6;;;;;;;;;;;;;;;;;;;;;;;;;;;;;;;;;;
Juru (PB);2.76;0.67;1.95;9.8;6.55;8.9;21.68;19.16;23.33;42.91;40.02;46.72;;41.51;24.68;;85.01;58.43;;94.21;91.45;;97.11;96.08;;99.28;98.64;4.57;4.71;4.66;4.77;;;;;;;51.29;126.73;247.78;73.71;62.22;50.84;7.09;4.25;24.17;11.28;19.52;37.33;18.04;37.23;86.15;23.51;58.56;128.0;30.47;79.9;178.78;37.61;98.26;226.67;54.46;132.19;289.68;75.22;195.21;374.0;146.4;380.07;659.55;201.8;525.43;923.94;115.02;294.77;528.0;;;;;;;;;;;;;;;;;;;;;;;;;;;;;;;;;;
Lagoa de Dentro (PB);2.09;2.02;1.97;7.86;9.6;8.85;17.46;24.32;22.28;32.14;48.68;45.48;;33.98;36.35;;89.13;74.74;;97.83;93.57;;98.65;95.95;;99.74;98.62;5.6;5.86;5.86;5.78;;;;;;;113.35;140.1;228.8;83.4;53.45;48.84;11.84;14.14;22.5;23.51;32.21;42.4;32.69;53.12;78.7;40.99;74.83;116.0;54.42;103.07;153.72;62.68;136.65;198.0;83.22;170.68;265.33;109.06;228.07;347.5;384.58;359.48;624.79;636.07;450.83;781.58;163.59;294.77;510.0;;;;;;;;;;;;;;;;;;;;;;;;;;;;;;;;;;
Lagoa (PB);4.37;3.41;2.41;13.75;11.02;11.83;27.3;24.14;27.18;49.14;43.54;51.74;;13.18;31.18;;90.26;64.57;;96.89;95.04;;97.54;98.55;;98.13;99.67;4.67;4.94;4.88;4.76;;;;;;;62.22;140.03;219.92;79.04;66.66;39.39;13.6;23.87;26.45;21.15;41.83;63.33;29.18;53.28;103.63;35.39;68.11;130.4;42.16;91.89;168.75;54.53;110.62;207.33;67.93;135.82;270.05;90.02;156.17;340.0;158.24;395.28;535.09;204.61;592.34;636.99;136.33;247.92;510.0;;;;;;;;;;;;;;;;;;;;;;;;;;;;;;;;;;
Lagoa Seca (PB);3.39;3.2;3.09;9.92;11.12;10.34;19.32;23.39;22.03;33.79;42.73;42.22;;21.41;17.97;;78.99;54.62;;93.61;90.45;;95.57;94.57;;98.5;96.84;6.22;6.17;6.25;6.13;;;;;;;200.74;220.07;380.73;87.42;69.13;70.25;34.0;35.16;58.82;51.71;65.07;103.0;65.58;87.19;138.09;79.92;107.69;170.0;94.32;135.02;222.47;111.96;163.32;277.5;145.22;212.78;384.26;188.04;292.81;503.33;664.58;630.19;1099.72;1103.91;940.01;1648.39;274.23;390.42;680.0;;;;;;;;;;;;;;;;;;;;;;;;;;;;;;;;;;
Lastro (PB);5.3;3.9;2.71;14.75;13.42;12.56;29.48;28.52;29.03;52.6;50.53;52.79;;46.44;27.47;;92.95;69.67;;96.6;93.23;;98.81;98.04;;100.0;99.13;5.52;5.52;5.79;5.72;;;;;;;43.7;108.72;219.67;74.48;45.48;44.82;11.58;21.21;29.79;15.04;35.59;68.0;20.64;51.75;108.1;27.81;68.5;145.71;32.18;82.05;180.9;39.62;98.26;216.67;50.52;119.67;261.0;65.81;157.14;331.43;103.56;268.91;520.34;129.9;355.84;655.47;89.84;215.71;500.0;;;;;;;;;;;;;;;;;;;;;;;;;;;;;;;;;;
Livramento (PB);1.98;0.32;2.18;7.38;6.27;9.38;18.3;18.19;23.27;36.89;41.01;47.17;;44.6;50.53;;90.31;79.94;;97.87;96.97;;98.95;98.78;;100.0;99.49;4.45;4.78;4.76;4.81;;;;;;;71.04;115.09;207.73;74.0;48.94;41.6;7.03;1.82;22.64;13.43;11.71;37.33;19.19;34.25;74.76;26.86;49.13;105.67;38.8;68.63;144.32;50.18;91.1;182.0;66.02;131.32;248.17;90.92;176.86;332.5;224.18;339.44;540.19;344.3;465.19;678.09;132.8;263.53;510.0;;;;;;;;;;;;;;;;;;;;;;;;;;;;;;;;;;
Logradouro (PB);5.22;1.71;3.99;15.16;9.65;14.01;30.33;22.35;29.87;50.87;42.35;53.87;;46.11;21.93;;90.6;69.22;;97.59;97.06;;98.87;98.87;;99.32;99.44;5.3;5.25;5.21;5.23;;;;;;;76.64;145.19;236.33;77.11;61.78;54.4;19.99;12.43;47.2;29.06;42.3;92.0;38.09;57.63;118.34;49.2;73.2;144.25;58.13;92.22;187.4;66.4;107.04;225.33;78.71;145.17;283.58;99.07;196.51;353.5;188.26;418.49;547.62;261.07;608.21;685.54;137.9;294.38;520.0;;;;;;;;;;;;;;;;;;;;;;;;;;;;;;;;;;
Lucena (PB);6.05;2.75;3.02;17.1;10.56;10.5;32.86;22.26;22.19;54.66;41.19;40.56;;6.92;8.23;;80.29;44.45;;94.98;89.41;;96.94;94.24;;98.88;96.91;8.99;11.91;11.15;9.61;;;;;;;98.6;157.15;289.29;85.29;64.32;66.07;29.82;21.58;43.67;47.01;46.85;85.71;54.47;61.36;108.18;62.82;73.69;130.0;77.73;91.94;169.08;93.69;110.84;213.33;107.46;148.78;265.7;128.94;195.21;339.4;223.51;462.07;839.75;295.68;680.19;1278.95;188.04;312.33;520.0;;;;;;;;;;;;;;;;;;;;;;;;;;;;;;;;;;
Mãe D'Água (PB);2.41;1.25;2.17;8.23;9.18;8.99;17.73;24.14;23.81;35.62;47.38;48.52;;60.01;46.17;;93.1;76.51;;98.55;96.2;;99.92;98.85;;100.0;99.45;4.88;5.08;4.99;4.94;;;;;;;67.7;106.07;202.88;78.95;44.74;43.36;8.15;6.64;22.0;15.04;24.4;30.0;19.72;42.06;69.2;23.76;58.95;103.67;32.13;79.32;150.3;43.88;98.26;191.67;60.57;123.24;250.68;93.0;151.2;310.4;217.92;279.07;524.02;320.08;370.31;663.38;137.27;234.9;500.0;;;;;;;;;;;;;;;;;;;;;;;;;;;;;;;;;;
Malta (PB);4.43;2.76;2.54;12.7;9.55;9.59;25.99;20.84;21.07;47.28;41.67;39.37;;15.69;16.15;;75.07;57.99;;90.67;91.26;;94.18;95.27;;98.69;97.61;5.25;5.48;5.57;5.56;;;;;;;106.82;211.34;378.53;76.97;50.95;52.12;23.69;29.17;48.08;31.34;58.56;91.43;44.13;71.71;133.39;59.23;93.21;170.0;70.99;119.38;217.33;88.8;147.38;275.0;113.73;220.03;346.41;156.7;294.77;473.33;281.58;616.4;1146.55;376.16;909.22;1773.65;235.05;390.42;579.0;;;;;;;;;;;;;;;;;;;;;;;;;;;;;;;;;;
Mamanguape (PB);4.6;3.34;2.83;13.04;11.36;10.61;25.75;23.19;22.88;44.9;41.76;43.39;;10.39;10.61;;79.02;42.51;;92.8;89.51;;95.49;94.47;;98.5;97.24;8.02;8.56;8.81;9.09;;;;;;;144.33;198.76;305.46;83.27;69.82;65.81;33.22;33.17;43.23;48.89;58.95;90.0;60.9;79.71;118.74;75.22;98.26;149.5;91.68;117.62;187.51;110.0;146.73;253.33;138.19;184.56;313.16;174.67;234.25;423.33;397.64;578.74;856.68;589.36;871.01;1206.31;242.89;368.95;627.5;;;;;;;;;;;;;;;;;;;;;;;;;;;;;;;;;;
Manaíra (PB);5.03;2.25;2.02;14.09;8.85;7.95;27.14;21.09;21.71;46.35;42.58;45.04;;31.51;34.02;;89.2;73.25;;96.35;93.67;;97.81;98.24;;99.38;99.12;3.93;4.26;4.14;4.27;;;;;;;78.52;119.36;225.93;82.78;61.61;49.28;19.76;13.45;22.85;26.86;23.86;36.0;35.54;39.36;67.0;45.07;55.31;115.6;51.25;73.04;155.37;57.08;97.6;202.5;75.43;128.26;263.53;94.02;175.69;340.0;210.61;342.67;626.15;308.91;468.82;796.93;132.88;274.04;510.0;;;;;;;;;;;;;;;;;;;;;;;;;;;;;;;;;;
Marcação (PB);4.65;0.07;2.21;14.11;6.79;9.33;28.2;19.78;23.56;48.33;42.96;46.47;;39.64;33.45;;91.23;67.83;;98.68;96.47;;98.91;98.71;;99.73;99.55;6.27;6.49;5.94;5.93;;;;;;;90.92;98.17;209.46;81.06;57.95;58.79;21.14;0.33;23.11;32.24;4.55;41.0;43.01;32.99;74.61;54.32;49.13;106.0;64.05;63.78;148.98;75.8;87.84;186.25;91.51;113.74;240.04;106.31;147.38;300.71;234.89;280.0;562.65;355.67;392.68;760.33;127.6;195.21;466.67;;;;;;;;;;;;;;;;;;;;;;;;;;;;;;;;;;
Mari (PB);5.23;3.9;3.22;15.14;11.57;12.01;30.67;23.92;26.68;52.52;44.16;50.68;;12.02;16.19;;84.23;62.95;;94.25;94.17;;96.93;97.63;;98.26;98.89;5.17;5.46;5.63;5.91;;;;;;;107.62;177.75;250.22;78.23;65.82;52.05;28.12;34.71;40.33;41.37;50.75;71.11;53.35;68.11;109.88;67.69;84.72;145.71;83.54;109.76;183.63;97.31;140.55;240.75;117.62;179.87;300.17;139.97;233.08;382.5;255.47;496.31;624.14;355.51;713.92;798.01;176.29;317.02;530.0;;;;;;;;;;;;;;;;;;;;;;;;;;;;;;;;;;
Marizópolis (PB);5.87;2.56;2.75;16.78;11.61;11.09;31.18;25.8;24.36;55.16;48.63;45.68;;6.22;12.29;;77.78;54.03;;93.24;88.83;;95.03;94.84;;99.04;98.22;4.58;5.17;5.18;5.32;;;;;;;85.8;168.92;299.15;63.78;59.5;55.48;25.17;21.6;41.17;39.49;52.06;85.2;46.81;76.49;124.7;52.23;97.6;157.5;61.8;119.77;198.45;73.87;156.56;250.0;102.87;192.84;318.96;137.15;235.88;408.33;192.37;433.88;810.32;212.81;584.45;1133.09;188.04;374.15;550.0;;;;;;;;;;;;;;;;;;;;;;;;;;;;;;;;;;
Massaranduba (PB);3.66;0.08;2.83;12.13;5.77;12.76;26.07;18.17;27.9;46.64;40.37;50.66;;45.61;33.16;;87.78;56.7;;97.43;95.78;;98.03;98.0;;98.84;98.95;5.05;5.36;5.06;4.66;;;;;;;109.15;155.26;247.98;67.53;53.08;56.56;19.98;0.59;35.08;34.19;11.15;85.0;46.2;44.22;123.12;62.68;65.5;155.0;76.09;96.27;187.77;89.32;130.14;225.0;112.27;172.34;282.21;137.41;216.03;340.0;291.24;462.87;616.18;423.62;669.24;738.36;178.64;294.77;510.0;;;;;;;;;;;;;;;;;;;;;;;;;;;;;;;;;;
Mataraca (PB);4.72;3.0;2.75;14.51;11.3;11.79;29.29;24.52;25.98;50.89;45.74;47.97;;19.59;14.71;;80.27;41.41;;95.53;93.04;;96.47;97.34;;99.31;98.84;17.99;18.58;17.77;18.89;;;;;;;118.21;150.36;219.95;87.39;74.19;63.36;27.92;22.52;30.24;47.01;46.85;66.67;57.85;62.45;99.42;71.69;78.08;125.78;87.32;99.35;156.04;106.56;126.33;192.67;127.68;159.55;241.91;145.73;196.51;320.5;290.26;407.94;568.5;411.34;563.29;754.0;195.43;312.33;505.0;;;;;;;;;;;;;;;;;;;;;;;;;;;;;;;;;;
Matinhas (PB);3.22;3.68;3.78;11.91;11.78;13.39;25.64;24.57;28.5;45.89;47.75;52.4;;24.85;18.27;;90.39;71.8;;96.46;96.93;;98.38;98.57;;98.66;99.27;7.45;7.31;6.8;6.41;;;;;;;77.16;137.42;217.6;80.73;60.07;52.59;12.44;25.3;41.08;23.51;43.92;72.4;33.52;55.66;104.57;47.01;62.95;127.5;52.98;87.82;164.47;62.68;117.13;202.22;78.11;159.26;260.0;104.68;205.95;336.67;208.77;359.03;523.84;261.2;465.6;654.42;190.66;294.77;510.0;;;;;;;;;;;;;;;;;;;;;;;;;;;;;;;;;;
Mato Grosso (PB);5.07;3.63;3.74;14.42;13.23;13.45;28.82;28.69;27.95;52.28;53.55;49.68;;18.07;31.02;;87.21;54.93;;97.11;93.45;;98.52;96.06;;99.32;98.31;4.91;5.48;5.17;5.11;;;;;;;71.27;149.13;271.56;76.89;53.93;53.81;18.08;27.08;50.83;27.65;48.8;112.2;33.31;71.58;131.81;44.66;89.02;155.0;51.3;115.3;196.89;62.05;140.55;250.0;83.61;185.36;295.02;97.78;243.45;350.0;170.08;346.33;683.48;221.55;431.4;929.95;147.75;284.03;527.5;;;;;;;;;;;;;;;;;;;;;;;;;;;;;;;;;;
Maturéia (PB);2.15;;2.05;8.49;1.98;8.69;19.31;11.7;22.53;37.33;33.44;46.24;;59.66;35.16;;89.59;70.04;;96.69;95.56;;98.21;98.2;;98.98;99.46;4.86;5.25;4.86;4.81;;;;;;;99.22;112.72;230.63;84.79;51.36;49.87;10.67;;23.66;21.81;;44.67;31.43;11.16;76.49;38.55;36.25;116.8;53.71;54.76;159.64;65.81;73.69;215.0;89.37;122.53;273.47;133.27;168.53;373.33;310.9;375.14;619.56;458.52;551.11;830.65;214.21;253.49;514.0;;;;;;;;;;;;;;;;;;;;;;;;;;;;;;;;;;
Mogeiro (PB);2.74;3.67;2.16;9.48;12.15;9.86;21.24;25.8;24.04;41.71;47.49;48.25;;32.8;32.45;;89.51;61.21;;98.34;94.0;;99.35;97.54;;99.75;99.23;5.65;5.87;5.87;5.75;;;;;;;78.43;132.42;227.05;76.97;60.0;51.19;10.73;24.3;24.47;18.8;44.62;46.8;26.46;56.16;87.45;33.27;70.0;126.67;46.09;90.37;161.02;59.55;113.61;204.0;80.29;143.61;274.87;109.06;176.47;340.0;228.57;347.66;610.05;326.47;466.97;706.53;164.54;294.77;510.0;;;;;;;;;;;;;;;;;;;;;;;;;;;;;;;;;;
Montadas (PB);3;1.63;2.09;10.02;7.61;10.1;22.53;21.0;26.14;44.12;45.0;51.3;;48.91;47.78;;87.84;74.39;;96.1;95.14;;98.53;98.35;;99.82;99.66;4.77;6.02;9.28;7.28;;;;;;;63.16;145.44;238.17;73.46;50.77;47.86;9.48;11.87;24.88;16.71;31.23;53.33;22.17;43.5;95.43;29.38;61.25;145.0;39.49;97.38;190.94;49.64;141.33;236.67;68.19;174.5;299.66;96.37;228.39;373.33;176.46;399.96;581.95;239.57;526.39;731.43;144.34;308.43;511.67;;;;;;;;;;;;;;;;;;;;;;;;;;;;;;;;;;
Monte Horebe (PB);2.64;1.42;1.87;8.88;7.56;8.71;19.79;19.4;21.91;39.58;39.32;44.15;;44.34;23.07;;87.14;62.39;;96.18;92.89;;97.66;96.89;;98.94;99.01;4.8;5.31;4.78;4.64;;;;;;;118.8;146.18;292.96;78.61;57.69;59.11;15.7;10.37;27.45;25.86;26.03;55.0;37.07;44.89;100.15;47.01;66.37;133.33;64.81;86.56;193.27;93.27;112.73;256.5;117.53;145.54;325.85;160.62;196.51;405.0;358.89;443.54;819.84;526.08;669.46;1177.75;235.05;260.28;520.0;;;;;;;;;;;;;;;;;;;;;;;;;;;;;;;;;;
Monteiro (PB);3.51;2.74;2.57;10.97;9.42;9.46;22.6;20.47;20.95;41.46;39.52;39.5;;13.02;17.61;;80.03;59.32;;92.8;90.15;;96.22;93.83;;98.29;97.21;7.43;8.32;8.95;9.03;;;;;;;130.18;224.67;392.05;73.23;63.12;58.51;22.86;30.79;50.31;37.61;54.66;93.6;48.57;75.08;135.12;60.9;97.6;170.0;75.67;124.06;225.32;94.02;154.02;272.33;122.8;213.98;363.54;166.1;276.55;503.33;381.02;679.43;1125.09;565.68;1036.14;1795.21;246.8;426.04;680.0;;;;;;;;;;;;;;;;;;;;;;;;;;;;;;;;;;
Mulungu (PB);4.2;2.34;2.7;13.36;10.76;11.27;27.49;24.67;25.05;48.87;46.01;48.19;;26.23;25.14;;86.22;55.36;;96.24;95.15;;97.29;97.76;;98.7;99.18;5.34;5.1;4.76;4.61;;;;;;;91.14;156.11;242.9;76.81;57.67;52.36;19.14;18.27;32.76;30.89;42.95;75.0;41.74;65.69;104.13;53.4;84.22;128.0;64.39;108.63;167.38;78.35;137.3;204.0;97.44;166.55;280.99;115.14;202.37;340.0;233.0;421.43;634.45;328.98;590.63;741.47;166.27;294.77;510.0;;;;;;;;;;;;;;;;;;;;;;;;;;;;;;;;;;
Natuba (PB);4.01;3.01;2.03;11.14;10.56;8.23;21.61;23.39;20.91;38.58;44.34;43.36;;29.79;41.9;;90.65;75.99;;97.59;95.69;;98.44;97.82;;99.41;99.51;5.04;5.11;4.66;4.88;;;;;;;102.74;130.95;198.68;77.54;63.46;47.4;20.62;19.72;20.21;30.09;35.0;33.33;36.61;49.43;61.54;43.46;65.4;88.0;53.79;84.0;125.97;67.16;106.19;166.67;87.18;137.14;223.03;111.57;195.21;306.0;315.51;364.45;561.38;492.89;501.44;758.4;177.7;293.46;501.0;;;;;;;;;;;;;;;;;;;;;;;;;;;;;;;;;;
Nazarezinho (PB);3.52;1.91;2.17;11.07;8.08;8.34;23.29;19.88;22.19;43.08;41.03;47.13;;44.4;29.0;;91.48;72.27;;97.05;95.29;;98.58;97.8;;99.54;98.87;4.92;5.14;4.99;4.92;;;;;;;68.69;116.5;213.53;76.01;53.22;38.94;12.07;11.14;23.21;18.8;19.52;33.33;25.95;35.92;65.79;32.91;48.8;103.0;41.96;68.77;147.94;51.04;88.4;200.0;67.96;123.16;266.26;88.69;153.73;340.0;195.48;343.52;580.69;274.21;474.37;689.51;156.78;292.81;510.0;;;;;;;;;;;;;;;;;;;;;;;;;;;;;;;;;;
Nova Floresta (PB);3.91;3.89;2.7;11.48;11.99;10.07;23.3;25.34;23.04;43.04;46.98;45.7;;23.29;23.37;;83.3;66.02;;96.45;91.78;;98.04;95.55;;99.52;98.53;4.98;5.17;5.18;4.99;;;;;;;115.91;165.7;287.45;82.01;60.62;55.79;22.64;32.21;38.79;35.61;51.49;69.0;43.88;67.17;105.9;54.53;84.22;140.0;68.49;110.53;186.47;92.14;141.85;252.0;114.4;179.33;325.67;154.51;235.81;440.0;330.13;439.27;777.61;468.63;597.03;1054.69;225.65;341.62;570.0;;;;;;;;;;;;;;;;;;;;;;;;;;;;;;;;;;
Nova Olinda (PB);1.73;2.01;1.84;7.19;7.46;9.23;16.93;18.03;23.36;37.95;38.0;45.39;;16.85;26.4;;85.07;55.62;;95.41;91.93;;98.11;95.79;;99.36;98.27;4.68;5.01;4.97;4.77;;;;;;;69.68;118.2;255.69;76.5;68.11;51.29;6.03;11.9;23.46;12.26;18.35;43.33;19.0;32.21;94.57;26.86;44.72;130.0;33.94;62.43;180.6;47.01;80.77;218.0;73.25;118.05;281.6;109.49;164.95;357.5;216.18;366.4;693.71;296.63;523.46;979.54;169.24;270.56;522.0;;;;;;;;;;;;;;;;;;;;;;;;;;;;;;;;;;
Nova Palmeira (PB);4.1;3.14;4.2;12.36;11.63;12.62;25.92;26.19;27.1;48.11;48.48;51.02;;46.67;28.52;;90.51;71.26;;96.19;95.43;;98.49;97.73;;98.95;99.35;5.26;5.37;5.53;5.31;;;;;;;101.75;156.73;272.29;80.89;62.09;53.05;20.86;24.63;57.13;34.08;48.8;88.8;42.04;66.5;114.71;56.41;97.6;148.67;68.94;114.14;197.06;87.25;146.41;252.5;112.94;174.69;325.66;144.79;221.07;406.67;263.97;403.71;670.74;353.88;549.01;853.86;209.98;294.77;520.0;;;;;;;;;;;;;;;;;;;;;;;;;;;;;;;;;;
Olho D'Água (PB);3.47;;1.84;11.1;3.49;7.94;24.08;15.01;20.92;44.93;36.52;43.41;;50.12;28.13;;89.61;69.9;;97.13;94.02;;98.14;96.5;;99.07;98.91;4.71;5.0;5.02;4.57;;;;;;;87.51;99.51;220.96;81.51;58.92;54.59;15.17;;20.36;23.51;;33.5;33.39;17.39;67.34;45.56;36.85;100.0;56.8;57.32;143.47;70.7;73.69;188.67;91.24;106.99;248.44;113.65;147.38;334.0;240.96;315.85;625.89;336.29;432.55;846.6;183.97;249.09;510.0;;;;;;;;;;;;;;;;;;;;;;;;;;;;;;;;;;
Olivedos (PB);5.34;3.89;2.26;14.67;12.22;9.62;27.42;24.82;24.14;47.55;44.63;49.93;;21.93;15.34;;85.03;54.26;;94.84;92.64;;96.44;96.84;;98.82;99.44;5.17;5.38;5.42;5.45;;;;;;;94.83;192.94;217.32;81.32;65.37;49.05;25.3;37.5;24.58;36.35;63.18;40.0;44.26;80.4;79.99;50.63;95.65;126.0;60.45;121.55;157.75;70.83;147.38;204.0;95.45;191.07;280.23;118.09;229.05;340.0;248.68;534.18;575.1;351.4;786.82;659.67;170.23;332.83;510.0;;;;;;;;;;;;;;;;;;;;;;;;;;;;;;;;;;
Ouro Velho (PB);3.72;3.83;3.4;13.16;11.39;11.93;27.7;25.86;26.13;50.35;48.28;49.47;;11.55;25.34;;85.18;58.7;;96.92;90.08;;98.85;96.62;;100.0;99.16;5.82;6.31;6.53;6.5;;;;;;;86.09;171.46;305.23;77.72;58.86;53.68;16.01;32.81;51.95;28.79;50.75;100.0;40.65;64.86;130.06;47.01;90.77;162.33;62.59;124.05;216.72;76.47;156.82;268.33;97.47;192.2;356.23;117.66;290.86;486.67;213.71;443.37;762.67;295.42;574.28;1008.63;156.7;336.54;572.67;;;;;;;;;;;;;;;;;;;;;;;;;;;;;;;;;;
Parari (PB);4.05;3.23;1.99;12.21;11.97;10.02;24.66;26.01;25.8;44.47;50.93;49.53;;20.16;30.29;;88.9;61.13;;99.58;93.13;;100.0;96.18;;100.0;99.01;6.34;6.6;6.49;6.5;;;;;;;72.16;175.59;300.27;60.07;49.05;51.53;14.62;28.37;29.81;23.61;55.77;55.5;29.43;76.71;120.59;36.86;93.7;170.0;44.91;123.26;236.93;56.41;156.95;283.33;71.48;218.8;356.3;83.68;291.51;500.0;200.36;430.83;769.0;308.49;560.19;1022.33;108.12;333.81;676.67;;;;;;;;;;;;;;;;;;;;;;;;;;;;;;;;;;
Passagem (PB);3.13;2.65;2.24;10.87;9.98;10.5;23.61;22.27;23.75;45.4;41.62;46.11;;24.23;14.03;;85.52;46.6;;96.18;89.72;;96.82;95.06;;97.83;99.35;6.34;7.0;6.6;6.94;;;;;;;90.85;171.89;270.29;52.55;61.61;57.59;14.24;22.79;30.23;31.3;39.04;65.45;35.16;62.96;111.65;44.66;84.22;146.17;57.86;105.68;179.05;70.52;139.09;213.5;98.97;166.26;302.26;142.18;227.42;408.6;248.02;501.78;729.17;309.65;729.55;976.5;220.95;294.77;616.8;;;;;;;;;;;;;;;;;;;;;;;;;;;;;;;;;;
Patos (PB);3.34;3.15;3.64;10.21;9.94;10.86;20.93;20.8;21.95;37.44;38.03;39.46;;3.74;2.81;;65.86;34.73;;86.51;81.76;;90.84;89.06;;95.79;94.53;9.24;9.98;9.92;9.62;;;;;;;223.35;324.87;508.52;83.5;77.92;72.07;37.28;51.13;92.42;56.41;78.08;146.4;76.78;110.4;183.61;94.02;146.28;226.8;119.64;176.39;282.09;146.67;215.71;342.33;184.42;279.76;445.23;238.18;367.38;560.0;698.64;1006.65;1540.87;1084.74;1542.17;2364.66;398.11;637.36;950.0;;;;;;;;;;;;;;;;;;;;;;;;;;;;;;;;;;
Paulista (PB);4.15;2.56;3.44;11.71;9.71;11.69;22.44;21.31;25.58;38.99;40.89;47.0;;11.06;10.42;;79.01;66.6;;93.56;92.69;;95.3;96.44;;98.62;98.69;5.4;5.88;5.95;5.77;;;;;;;110.95;189.32;308.48;90.38;77.43;65.82;23.05;24.2;53.13;35.26;48.8;87.4;41.9;67.7;127.17;49.83;81.99;163.33;59.54;109.78;214.31;70.83;140.55;260.29;91.82;185.38;330.36;115.51;248.89;425.0;338.42;559.55;823.88;521.41;819.47;1129.1;188.04;358.53;557.5;;;;;;;;;;;;;;;;;;;;;;;;;;;;;;;;;;
Pedra Branca (PB);3.35;2.06;2.09;9.99;7.04;9.49;21.84;17.33;23.89;43.73;38.86;47.73;;7.62;6.06;;87.59;43.45;;98.33;92.14;;99.02;96.35;;99.63;97.19;5.31;5.85;5.63;5.31;;;;;;;67.76;119.55;219.29;73.65;63.0;52.67;11.36;12.29;22.94;17.63;19.52;40.78;22.48;29.77;81.11;31.73;41.83;124.38;40.16;61.52;157.92;50.91;78.08;203.33;74.14;128.73;261.36;114.7;196.51;336.67;190.64;365.46;560.42;249.52;480.81;710.88;159.83;294.77;510.0;;;;;;;;;;;;;;;;;;;;;;;;;;;;;;;;;;
Pedra Lavrada (PB);5.95;2.29;3.0;15.76;11.36;11.53;29.86;26.1;25.31;50.8;47.7;46.71;;34.21;36.0;;89.59;71.32;;97.14;94.84;;98.39;97.45;;99.6;98.74;5.94;6.21;6.18;6.23;;;;;;;89.4;139.78;267.79;84.83;63.33;53.71;26.59;16.01;40.16;36.04;41.83;79.14;43.84;63.42;114.19;53.73;81.99;150.0;63.05;103.0;184.53;78.35;121.59;224.0;93.62;150.94;286.57;112.82;190.33;366.4;219.9;365.56;711.55;303.55;492.83;1051.8;157.48;293.46;514.5;;;;;;;;;;;;;;;;;;;;;;;;;;;;;;;;;;
Pedras de Fogo (PB);4.39;3.86;2.41;12.01;12.44;9.58;23.11;26.02;22.51;40.38;46.59;44.01;;9.21;12.87;;82.49;54.51;;95.16;91.4;;96.67;95.63;;98.53;98.36;11.21;12.41;10.23;10.44;;;;;;;150.94;157.42;273.39;88.44;76.56;64.7;33.15;30.4;32.97;46.35;49.13;63.14;57.47;67.49;97.95;70.52;87.84;133.33;83.78;106.94;176.77;98.05;130.14;220.0;130.36;161.87;293.91;165.32;196.51;380.0;449.94;420.41;764.19;707.02;598.25;1059.22;235.05;294.77;552.5;;;;;;;;;;;;;;;;;;;;;;;;;;;;;;;;;;
Pedro Régis (PB);1.71;1.5;2.23;10.17;9.3;9.5;23.42;23.28;23.05;41.96;45.92;45.77;;52.19;32.87;;93.66;71.66;;98.07;96.13;;99.36;98.89;;100.0;99.8;5.16;5.13;5.09;5.08;;;;;;;76.93;123.7;215.39;81.78;46.78;38.59;6.59;9.28;24.04;20.37;32.53;41.5;32.52;48.24;78.32;45.13;64.74;109.0;50.97;86.44;145.84;62.68;104.44;184.67;71.3;140.03;244.73;86.19;171.78;336.25;223.27;334.49;572.27;335.49;444.87;746.49;136.64;294.77;510.0;;;;;;;;;;;;;;;;;;;;;;;;;;;;;;;;;;
Piancó (PB);3.93;1.81;2.25;11.69;8.43;9.61;24.31;20.31;22.6;45.15;39.39;44.43;;14.07;13.02;;79.22;56.93;;92.34;88.2;;95.18;94.31;;98.33;97.91;6.79;7.6;7.38;6.96;;;;;;;98.86;202.44;321.21;76.99;68.27;62.99;19.44;18.34;36.08;28.21;43.34;78.0;38.32;66.99;118.22;47.89;91.75;165.0;62.4;120.26;208.7;79.92;147.38;255.0;102.98;193.15;350.5;133.04;265.48;477.14;271.13;613.45;896.15;379.76;913.35;1275.62;199.93;386.51;633.33;;;;;;;;;;;;;;;;;;;;;;;;;;;;;;;;;;
Picuí (PB);3.74;2.56;2.66;11.19;9.49;10.35;22.95;21.23;23.44;41.99;41.3;43.79;;22.04;22.51;;83.11;62.39;;94.45;91.42;;96.53;95.85;;98.29;97.76;5.74;6.13;6.04;5.81;;;;;;;136.51;183.89;326.53;81.98;66.04;56.98;25.52;23.54;43.46;39.96;48.8;86.8;50.87;63.73;125.47;65.81;79.06;166.67;80.27;107.95;213.69;97.15;145.11;255.0;129.91;184.5;332.36;173.94;254.75;432.5;395.98;539.75;925.1;588.53;780.85;1354.84;247.27;358.53;587.5;;;;;;;;;;;;;;;;;;;;;;;;;;;;;;;;;;
Pilar (PB);4.56;3.63;2.32;13.61;11.46;11.23;27.37;24.22;25.22;49.37;43.1;46.75;;16.3;27.47;;83.24;56.09;;96.53;93.95;;98.12;97.69;;99.38;99.38;4.87;4.95;4.84;4.81;;;;;;;94.16;176.31;236.08;79.01;59.69;53.63;21.47;32.04;27.37;35.73;49.13;63.33;42.63;68.96;105.17;53.28;92.72;128.8;64.75;112.49;165.19;80.59;137.3;195.5;103.57;166.41;254.09;129.75;208.22;332.0;238.36;501.64;622.23;319.46;750.18;888.78;196.31;294.77;525.5;;;;;;;;;;;;;;;;;;;;;;;;;;;;;;;;;;
Pilões (PB);3.94;4.0;1.98;11.29;13.17;8.34;23.09;26.79;19.93;42.31;47.62;38.39;;19.2;36.53;;90.3;69.38;;97.38;93.41;;98.66;96.63;;99.78;98.41;6.01;6.0;6.2;6.0;;;;;;;104.45;126.26;259.0;77.94;61.32;56.24;20.57;25.27;25.7;30.09;39.04;50.0;38.41;57.87;82.29;48.46;71.58;110.33;61.58;85.99;150.14;75.22;98.26;185.0;100.4;131.48;238.97;136.76;176.08;305.0;301.27;330.71;802.29;442.42;456.39;1150.35;202.46;248.31;510.0;;;;;;;;;;;;;;;;;;;;;;;;;;;;;;;;;;
Pilõezinhos (PB);5.82;2.47;3.43;16.04;8.64;13.07;30.78;19.09;28.42;52.43;37.67;52.7;;35.33;30.26;;91.3;68.27;;97.11;98.19;;97.92;99.36;;99.15;99.72;5.6;5.26;5.71;5.62;;;;;;;69.69;138.62;218.98;76.64;66.02;54.87;20.26;17.15;37.5;29.62;32.53;80.8;35.61;42.71;105.57;40.43;58.07;138.0;51.39;72.42;168.16;60.84;92.31;204.0;75.43;128.81;265.83;94.02;171.78;340.0;165.76;431.99;523.1;226.47;641.83;621.73;119.09;280.45;510.0;;;;;;;;;;;;;;;;;;;;;;;;;;;;;;;;;;
Pirpirituba (PB);5.39;2.56;2.29;15.39;10.25;9.81;29.61;22.67;23.27;49.49;41.66;45.42;;19.78;20.53;;79.1;61.9;;93.37;92.23;;96.02;95.57;;98.3;98.31;4.82;5.06;5.01;5.03;;;;;;;103.74;191.83;270.98;75.04;66.37;56.44;27.96;24.59;31.06;42.98;57.0;61.09;51.84;73.72;101.82;60.17;97.6;140.0;73.79;119.12;182.44;86.26;147.38;227.5;103.11;182.12;300.05;125.36;251.54;393.33;261.97;559.58;740.68;370.38;830.68;1003.07;189.69;325.02;525.0;;;;;;;;;;;;;;;;;;;;;;;;;;;;;;;;;;
Pitimbu (PB);4.19;2.42;3.19;13.22;7.75;11.23;26.85;15.72;24.42;47.56;27.78;45.24;;11.36;12.24;;83.56;63.65;;96.71;95.16;;97.96;97.5;;99.22;99.33;5.91;5.86;7.24;9.65;;;;;;;112.63;255.05;227.76;88.68;44.72;64.62;23.58;30.92;36.33;37.61;55.31;66.63;50.86;67.97;91.56;62.68;78.08;122.4;76.77;101.62;150.16;94.02;122.01;180.0;116.62;153.78;237.09;152.31;196.51;300.0;295.32;920.97;626.02;410.07;1595.07;881.91;222.96;294.77;505.0;;;;;;;;;;;;;;;;;;;;;;;;;;;;;;;;;;
Pocinhos (PB);4.26;2.18;3.32;12.0;10.35;12.23;23.81;23.86;26.9;42.47;46.45;50.51;;29.96;28.7;;85.27;66.6;;96.6;94.77;;97.61;98.07;;99.28;99.68;8.43;7.99;8.23;8.01;;;;;;;108.62;149.25;253.75;82.9;58.49;51.88;23.14;16.24;42.17;31.34;41.83;80.2;42.01;60.99;112.95;51.24;78.08;144.67;64.17;100.8;186.16;80.59;130.14;240.0;101.33;168.63;299.61;125.36;220.1;377.5;312.46;399.59;625.85;462.5;528.54;835.65;188.04;307.31;515.83;;;;;;;;;;;;;;;;;;;;;;;;;;;;;;;;;;
Poço Dantas (PB);6.82;1.01;2.29;17.97;3.83;9.25;32.78;11.13;23.74;54.94;29.01;48.55;;41.22;40.52;;92.41;74.12;;98.57;95.9;;99.33;99.04;;100.0;99.63;5.14;5.29;5.18;5.2;;;;;;;63.18;127.02;186.82;70.17;32.63;47.69;21.54;6.42;21.35;28.21;13.01;33.33;35.23;17.91;65.07;40.29;27.89;100.0;46.79;46.33;135.33;52.42;77.11;170.0;70.0;113.57;231.76;90.19;147.38;312.5;142.34;450.87;480.47;186.28;722.71;586.56;107.13;204.97;464.0;;;;;;;;;;;;;;;;;;;;;;;;;;;;;;;;;;
Poço de José de Moura (PB);;0.11;2.99;0.51;4.54;12.16;9.82;16.33;27.4;34.1;40.18;51.52;;47.06;21.25;;89.77;60.66;;98.78;92.66;;98.78;96.87;;99.6;99.11;5.67;6.07;6.15;5.85;;;;;;;41.71;170.95;291.18;64.45;32.77;52.1;;0.9;43.55;;8.13;90.0;1.06;37.92;133.54;4.7;58.95;170.0;19.42;100.8;221.79;37.61;147.38;269.2;50.63;203.86;351.19;62.71;260.93;473.33;137.41;511.29;707.58;192.28;732.45;905.18;104.99;347.47;555.0;;;;;;;;;;;;;;;;;;;;;;;;;;;;;;;;;;
Pombal (PB);2.75;2.82;3.34;8.9;10.01;10.68;19.52;22.38;22.39;37.37;43.09;40.91;;14.24;7.81;;73.98;50.28;;89.69;85.74;;93.51;90.95;;98.14;95.35;6.86;7.42;7.55;7.45;;;;;;;177.92;228.33;401.6;85.49;71.74;68.53;24.48;32.21;67.05;37.61;58.56;112.0;54.68;82.08;147.49;70.52;112.25;178.0;94.47;141.2;235.01;117.53;176.08;286.67;158.84;236.4;371.86;211.55;295.55;508.25;557.12;649.75;1106.79;827.55;914.6;1777.11;402.94;492.9;718.0;;;;;;;;;;;;;;;;;;;;;;;;;;;;;;;;;;
Prata (PB);1.45;2.89;3.83;7.93;11.2;13.35;19.25;23.87;28.48;36.49;42.16;52.7;;28.56;26.34;;87.46;69.26;;96.75;94.59;;98.31;97.67;;99.33;99.13;6.67;6.46;7.31;7.01;;;;;;;95.54;193.81;271.47;65.1;58.25;51.57;6.92;27.97;52.01;21.49;58.95;98.0;30.95;80.57;129.17;37.61;98.26;165.25;54.07;122.8;205.37;72.08;145.85;258.33;82.39;177.16;328.78;108.12;234.9;400.0;303.38;560.53;641.35;455.97;842.46;809.08;197.44;294.77;530.0;;;;;;;;;;;;;;;;;;;;;;;;;;;;;;;;;;
Princesa Isabel (PB);4.12;2.33;3.17;11.38;8.88;12.54;22.72;21.54;27.4;40.23;43.08;49.59;;17.81;15.22;;80.21;56.84;;94.2;90.39;;96.07;95.21;;98.31;98.1;5.68;6.0;5.74;5.99;;;;;;;116.63;196.49;334.74;85.4;59.52;66.78;24.02;22.85;53.01;34.19;42.11;105.0;42.32;64.34;156.84;53.73;94.68;200.0;66.14;124.45;248.77;82.74;156.17;289.0;102.11;211.6;371.4;131.63;276.55;500.0;348.55;559.19;843.69;535.85;801.42;1153.49;213.11;400.18;600.25;;;;;;;;;;;;;;;;;;;;;;;;;;;;;;;;;;
Puxinanã (PB);4.07;1.37;3.65;11.48;8.4;12.93;23.19;21.7;27.59;42.08;43.91;51.08;;40.08;34.91;;89.62;60.99;;97.96;94.69;;98.93;97.13;;99.75;99.55;4.78;4.84;4.77;4.38;;;;;;;117.95;140.65;283.93;81.02;51.73;56.56;24.03;9.65;51.82;33.93;31.23;96.0;43.68;49.42;131.72;54.53;71.9;165.0;69.04;93.51;208.14;88.14;117.91;255.0;111.39;156.25;333.5;148.08;196.51;423.33;341.6;394.42;697.48;504.51;556.68;901.54;227.53;294.77;511.0;;;;;;;;;;;;;;;;;;;;;;;;;;;;;;;;;;
Queimadas (PB);3.01;2.7;3.43;11.47;11.23;12.83;25.39;24.58;28.11;47.15;45.35;50.8;;22.56;20.17;;78.0;46.26;;94.29;93.54;;96.45;96.67;;98.89;98.89;7.14;7.13;6.8;6.64;;;;;;;99.14;178.92;292.5;81.23;66.19;63.67;14.93;24.15;50.16;31.34;58.56;100.2;41.95;76.32;137.51;54.81;97.6;170.0;68.97;119.4;223.39;85.79;146.41;262.4;107.87;185.8;331.95;141.03;245.41;427.5;261.98;488.91;724.32;356.78;684.32;952.7;195.56;351.38;557.5;;;;;;;;;;;;;;;;;;;;;;;;;;;;;;;;;;
Quixabá (PB);7.63;2.22;2.79;20.16;13.45;12.01;37.11;31.88;27.56;60.52;54.9;51.33;;21.02;13.83;;97.26;68.56;;98.27;95.87;;98.94;98.36;;98.94;99.14;6.46;6.78;6.89;6.69;;;;;;;66.39;136.85;267.39;72.13;54.53;58.66;25.33;15.22;37.31;34.72;39.04;78.4;41.6;76.79;123.29;48.46;105.8;162.63;56.28;126.09;207.83;61.52;147.38;255.0;77.7;157.57;317.85;94.02;176.86;380.0;131.06;308.58;649.59;155.96;386.59;844.82;118.94;294.77;510.0;;;;;;;;;;;;;;;;;;;;;;;;;;;;;;;;;;
Remígio (PB);3.25;1.83;2.31;10.7;8.27;9.17;21.67;20.18;21.05;38.72;41.08;41.67;;29.81;30.85;;82.22;63.98;;93.48;89.87;;95.66;94.08;;98.72;96.78;5.69;5.75;5.72;5.16;;;;;;;157.29;184.13;319.14;80.31;60.14;54.28;25.53;16.82;36.94;44.45;39.04;75.0;58.6;59.3;109.4;71.69;78.08;148.0;86.32;109.63;189.5;107.79;146.41;252.5;134.1;192.48;329.1;172.06;263.53;465.2;481.9;542.43;924.16;750.52;767.68;1328.65;300.86;390.42;600.0;;;;;;;;;;;;;;;;;;;;;;;;;;;;;;;;;;
Riachão do Bacamarte (PB);6.02;3.74;2.17;17.4;11.93;10.55;34.49;25.34;24.65;57.59;48.77;47.6;;12.84;35.41;;77.16;54.77;;95.69;93.24;;98.02;97.42;;98.73;98.94;5.56;5.92;5.96;5.75;;;;;;;100.32;166.63;262.31;77.51;62.05;54.4;30.22;31.13;28.4;47.01;46.85;71.56;57.05;68.27;109.91;69.99;88.23;140.0;85.76;111.71;185.01;98.72;146.41;228.0;115.84;195.22;300.99;149.09;250.36;412.5;212.75;426.8;689.9;256.11;568.72;887.84;182.63;294.77;513.33;;;;;;;;;;;;;;;;;;;;;;;;;;;;;;;;;;
Riachão do Poço (PB);7.43;2.19;2.29;19.32;10.74;10.29;34.84;24.17;24.88;56.28;44.51;47.85;;10.01;44.42;;81.64;77.91;;95.19;97.01;;98.52;98.87;;99.33;99.84;5.83;6.09;6.22;6.04;;;;;;;74.49;153.51;225.44;87.55;56.45;43.89;27.68;16.78;25.87;37.61;48.8;53.33;44.29;65.66;90.13;47.01;93.7;125.6;57.78;103.1;164.43;63.93;119.08;200.0;79.86;156.11;258.98;95.2;195.86;330.0;162.85;425.92;583.4;213.87;609.19;773.58;125.36;294.77;500.0;;;;;;;;;;;;;;;;;;;;;;;;;;;;;;;;;;
Riachão (PB);5.07;2.55;2.17;14.26;11.22;8.93;27.22;25.06;24.22;52.6;48.68;48.87;;40.07;25.5;;93.51;50.88;;98.96;95.93;;100.0;98.27;;100.0;99.63;5.28;5.45;5.41;5.36;;;;;;;47.18;117.27;197.04;72.31;54.09;48.42;11.97;14.95;21.37;18.8;34.16;30.67;21.67;50.85;66.61;26.86;65.07;107.33;30.58;81.16;150.61;35.26;98.26;191.25;59.86;138.45;242.88;86.24;183.5;292.0;111.82;300.92;503.19;127.55;373.65;638.95;109.06;282.08;510.0;;;;;;;;;;;;;;;;;;;;;;;;;;;;;;;;;;
Riacho de Santo Antônio (PB);5.1;;4.44;12.12;11.94;13.87;23.07;26.32;28.95;39.51;49.22;51.24;;3.56;22.75;;81.4;67.45;;97.09;94.75;;100.0;98.23;;100.0;99.65;7.04;7.55;7.1;6.84;;;;;;;121.42;128.18;275.73;93.49;72.41;59.0;30.97;;61.2;32.91;29.28;97.33;42.59;76.55;130.01;52.65;61.82;166.67;66.46;92.16;207.93;75.22;113.87;250.0;99.86;146.73;307.31;125.36;183.01;405.0;367.19;338.61;669.1;554.48;458.35;854.67;188.04;245.57;530.0;;;;;;;;;;;;;;;;;;;;;;;;;;;;;;;;;;
Riacho dos Cavalos (PB);4.83;3.12;3.9;13.74;11.02;14.11;26.94;24.57;29.14;47.23;45.95;51.47;;15.35;21.0;;90.85;73.21;;97.88;96.68;;99.33;98.56;;100.0;99.26;4.82;5.33;5.23;5.2;;;;;;;76.71;147.1;239.15;83.36;54.03;53.75;18.51;22.95;46.62;28.21;39.04;90.0;34.21;58.07;122.13;42.31;75.57;150.0;50.6;99.69;179.74;57.76;122.49;210.0;77.82;157.26;266.98;100.13;196.51;340.0;202.42;397.55;585.92;279.03;562.0;758.75;164.54;292.26;500.0;;;;;;;;;;;;;;;;;;;;;;;;;;;;;;;;;;
Rio Tinto (PB);4.71;2.86;1.95;13.81;10.12;9.91;27.36;22.25;24.04;47.59;41.77;47.06;;9.58;24.16;;79.16;49.23;;92.91;90.66;;96.01;96.12;;97.91;98.58;6.72;7.41;6.85;7.16;;;;;;;138.5;208.52;264.5;69.66;58.52;59.18;32.61;29.81;25.83;47.01;58.56;60.0;63.02;75.72;105.23;75.22;97.6;138.5;93.86;126.44;186.88;112.82;156.95;251.67;140.09;203.5;304.5;169.24;253.77;400.0;362.94;607.13;695.79;522.95;905.81;899.16;235.05;393.35;560.0;;;;;;;;;;;;;;;;;;;;;;;;;;;;;;;;;;
Salgadinho (PB);2.52;0.67;2.73;11.87;6.64;11.38;26.76;18.77;26.5;48.2;42.94;50.47;;49.8;28.53;;89.59;63.18;;96.65;94.49;;98.95;97.25;;100.0;99.65;4.51;4.53;4.42;4.25;;;;;;;52.1;124.99;217.39;57.82;57.41;57.07;6.56;4.19;29.67;18.8;19.52;53.13;24.38;37.27;94.03;31.34;50.75;127.5;38.78;75.83;164.3;47.01;115.82;194.5;55.86;151.06;260.58;70.52;196.51;336.67;134.95;356.59;534.39;178.52;468.07;634.68;110.0;309.41;510.0;;;;;;;;;;;;;;;;;;;;;;;;;;;;;;;;;;
Salgado de São Félix (PB);2.1;2.79;1.88;10.03;10.35;9.3;23.07;23.41;23.62;45.44;45.59;46.88;;34.2;40.31;;87.53;75.09;;96.03;96.78;;97.89;98.24;;99.33;99.41;4.97;5.04;5.81;6.46;;;;;;;88.42;140.48;217.45;71.74;56.14;39.2;9.29;19.63;20.4;23.51;36.25;41.75;35.06;53.06;80.77;43.95;66.76;117.0;57.64;91.74;155.6;75.22;117.91;196.67;98.91;155.82;252.91;129.22;196.51;330.0;241.19;382.14;559.93;327.65;523.41;681.04;177.04;294.77;510.0;;;;;;;;;;;;;;;;;;;;;;;;;;;;;;;;;;
Santa Cecília (PB);6.46;1.95;2.81;17.42;9.58;10.76;33.43;23.29;24.53;56.8;46.24;47.84;;41.45;42.64;;93.77;83.49;;99.03;97.97;;99.83;99.62;;100.0;99.81;5.04;5.59;4.99;4.95;;;;;;;91.0;90.37;197.49;85.57;55.58;48.91;29.41;8.83;27.74;41.79;21.96;54.44;49.87;34.48;78.52;62.68;48.8;104.0;72.85;61.93;135.93;84.62;80.04;169.57;106.32;103.69;230.2;125.36;130.14;323.33;196.56;242.91;506.26;249.1;330.19;624.13;169.24;196.51;510.0;;;;;;;;;;;;;;;;;;;;;;;;;;;;;;;;;;
Santa Cruz (PB);2.4;2.71;2.17;9.51;10.18;11.22;21.16;23.57;27.51;42.76;45.81;52.47;;43.26;26.05;;85.71;60.87;;96.56;92.67;;98.09;96.51;;98.99;98.86;4.9;5.1;5.02;5.07;;;;;;;81.29;158.64;291.16;71.81;54.85;46.2;9.74;21.52;31.59;22.56;39.04;65.5;28.93;59.23;131.8;35.26;78.08;181.67;47.35;106.19;237.18;61.96;136.65;289.0;87.79;176.4;363.25;115.14;221.07;493.33;232.65;429.87;688.23;325.58;584.97;870.9;172.62;312.33;575.0;;;;;;;;;;;;;;;;;;;;;;;;;;;;;;;;;;
Santa Helena (PB);0.1;2.6;2.31;0.43;10.43;10.22;1.01;23.58;24.18;2.02;44.0;46.64;;20.11;34.91;;82.43;67.7;;93.84;93.42;;97.79;96.92;;98.91;99.27;5.01;5.11;5.26;5.31;;;;;;;118.34;177.2;277.52;98.67;62.67;42.22;0.61;23.07;31.99;1.35;52.06;66.67;1.94;69.37;109.84;2.59;87.84;152.5;3.44;116.51;193.68;4.35;146.41;253.33;5.94;180.91;311.61;9.5;248.57;401.67;579.76;496.14;735.29;1145.1;695.1;984.22;22.51;367.64;522.33;;;;;;;;;;;;;;;;;;;;;;;;;;;;;;;;;;
Santa Inês (PB);1.85;1.32;2.23;7.33;6.5;8.61;17.9;17.69;21.22;38.36;40.35;41.74;;44.7;27.62;;91.9;77.84;;99.33;95.33;;100.0;97.91;;100.0;99.13;5.04;5.27;5.13;4.98;;;;;;;76.57;79.93;229.72;85.07;52.28;54.08;7.1;5.27;25.56;13.87;15.34;44.5;20.96;20.71;73.33;29.38;28.2;102.0;40.46;44.7;144.87;51.71;58.95;187.4;78.34;90.58;235.71;111.73;123.76;298.0;235.98;238.37;668.97;326.76;311.52;950.36;176.76;206.92;505.0;;;;;;;;;;;;;;;;;;;;;;;;;;;;;;;;;;
Santa Luzia (PB);3.97;2.91;3.33;12.18;10.81;11.31;24.96;23.59;24.45;42.75;44.0;45.19;;6.57;6.19;;76.31;45.72;;90.95;87.07;;94.3;92.33;;97.66;95.64;7.12;7.69;7.83;7.44;;;;;;;163.44;232.56;379.3;76.95;67.77;67.68;32.41;33.79;63.16;51.45;65.07;107.83;67.12;91.85;151.41;86.5;117.91;195.83;104.46;148.71;249.2;119.17;183.89;306.0;145.35;237.24;393.19;183.65;293.46;505.0;467.86;651.21;1009.03;704.76;947.9;1494.85;318.37;501.04;737.5;;;;;;;;;;;;;;;;;;;;;;;;;;;;;;;;;;
Santana de Mangueira (PB);3.8;2.1;2.26;10.34;9.57;7.29;20.26;23.07;20.67;36.52;45.18;44.39;;29.53;40.69;;94.78;67.75;;99.34;97.62;;99.34;98.56;;99.73;99.57;5.08;5.37;5.15;4.76;;;;;;;73.5;100.43;166.28;85.57;58.28;46.77;13.97;10.55;18.83;19.59;25.1;26.8;24.02;37.52;41.78;29.38;48.8;74.33;36.46;67.75;111.2;47.01;83.66;141.5;59.76;111.04;197.27;86.26;147.38;255.0;233.31;275.27;472.22;351.71;374.64;608.22;150.43;221.07;425.0;;;;;;;;;;;;;;;;;;;;;;;;;;;;;;;;;;
Santana dos Garrotes (PB);3.84;2.35;2.37;11.95;9.27;10.79;24.84;21.73;25.97;45.28;43.94;49.4;;22.02;27.07;;88.9;63.5;;97.05;92.6;;98.39;96.45;;99.2;98.38;4.97;5.14;4.96;4.74;;;;;;;63.0;134.08;274.26;69.69;63.65;51.61;12.08;15.76;32.56;18.8;32.53;76.67;25.58;46.39;115.45;33.98;65.81;160.0;40.6;83.52;208.14;47.01;108.02;255.0;64.37;148.89;321.28;86.26;196.51;422.67;172.38;375.85;702.4;242.23;513.78;911.58;122.23;294.77;527.5;;;;;;;;;;;;;;;;;;;;;;;;;;;;;;;;;;
Santarém (PB);2.74;2.19;3.83;10.64;12.06;14.05;23.77;27.45;29.84;43.29;50.51;52.76;;23.97;24.35;;92.83;61.14;;97.18;93.92;;98.05;96.59;;99.76;98.82;5.56;5.95;6.03;6.0;;;;;;;54.23;123.26;249.67;59.39;61.41;56.46;7.43;13.5;47.77;14.1;39.04;96.67;21.43;60.81;127.59;26.86;72.88;154.0;35.59;94.86;197.15;44.66;117.13;247.14;52.95;142.14;286.12;68.95;175.69;336.33;153.77;304.98;592.0;217.34;410.48;801.65;123.24;261.97;510.0;;;;;;;;;;;;;;;;;;;;;;;;;;;;;;;;;;
Santa Rita (PB);4.58;3.96;4.12;13.57;12.69;13.53;27.36;26.48;27.81;48.09;47.32;49.86;;2.55;3.26;;68.24;29.51;;90.46;88.07;;94.99;94.95;;98.38;98.3;12.0;12.21;11.67;10.65;;;;;;;154.93;214.11;328.16;80.02;71.35;72.19;35.52;42.38;67.66;53.59;73.2;120.4;69.59;93.52;154.31;86.5;117.52;188.57;106.85;147.6;234.4;126.79;176.86;282.5;160.53;223.07;361.74;198.76;292.81;468.8;402.16;563.97;822.52;571.69;793.65;1111.85;282.06;405.06;638.33;;;;;;;;;;;;;;;;;;;;;;;;;;;;;;;;;;
Santa Teresinha (PB);4.97;2.56;1.78;13.36;11.21;8.52;26.94;25.63;20.83;47.31;47.65;39.37;;28.71;13.28;;84.14;54.43;;95.74;93.44;;98.78;97.81;;99.5;99.19;5.86;5.9;5.94;6.66;;;;;;;63.59;137.95;306.95;73.57;59.91;62.36;15.8;17.65;27.39;20.89;43.38;54.86;26.69;59.66;103.41;33.85;81.15;153.0;43.18;99.44;188.9;51.24;126.4;238.5;64.75;151.95;284.53;81.93;199.7;337.6;167.55;361.07;910.69;235.02;456.08;1472.73;128.49;294.77;502.5;;;;;;;;;;;;;;;;;;;;;;;;;;;;;;;;;;
Santo André (PB);0.9;2.94;2.85;7.33;9.69;12.37;18.32;19.81;26.88;37.3;35.66;49.01;;32.47;54.47;;93.21;79.4;;97.14;97.02;;97.55;98.89;;98.78;99.72;6.4;6.07;6.1;5.87;;;;;;;89.56;234.05;273.72;76.51;69.37;38.66;4.04;34.35;39.02;15.67;58.56;80.0;28.79;79.06;130.26;37.61;99.56;165.33;49.2;118.43;198.54;62.68;145.24;250.0;85.01;185.52;302.9;108.12;235.55;374.0;280.75;752.89;691.48;413.07;1233.55;1021.8;183.34;297.69;511.0;;;;;;;;;;;;;;;;;;;;;;;;;;;;;;;;;;
São Bentinho (PB);4.96;3.94;4.3;14.38;13.52;13.08;29.78;29.65;26.99;51.84;53.52;49.31;;25.15;12.57;;88.81;67.21;;98.12;93.46;;99.54;96.55;;99.54;99.03;5.8;5.82;6.05;6.11;;;;;;;68.34;138.09;286.99;64.7;55.73;49.65;16.96;27.19;61.77;26.86;50.43;100.0;32.16;66.16;125.94;40.74;88.17;155.43;52.63;111.37;199.65;63.65;139.57;253.33;75.37;164.85;320.19;94.02;195.99;403.0;164.56;320.89;721.83;225.97;403.13;973.75;117.53;294.77;517.67;;;;;;;;;;;;;;;;;;;;;;;;;;;;;;;;;;
São Bento (PB);5.6;3.96;4.61;16.87;13.04;13.67;32.84;26.51;27.28;55.11;47.37;47.78;;5.75;2.43;;75.89;60.95;;93.95;92.46;;95.84;96.26;;98.53;98.2;6.6;7.34;7.44;7.63;;;;;;;163.16;224.79;328.99;92.27;80.1;74.74;45.65;44.54;75.8;70.52;78.08;118.4;92.0;102.05;149.07;112.82;124.93;182.0;130.27;151.36;223.8;150.81;190.33;260.67;181.64;234.43;337.26;219.38;292.81;442.5;366.23;591.57;858.83;483.36;837.19;1219.25;313.4;455.49;567.14;;;;;;;;;;;;;;;;;;;;;;;;;;;;;;;;;;
São Domingos do Cariri (PB);4.44;3.69;3.27;15.69;13.24;11.91;31.82;27.4;26.78;54.52;48.52;49.75;;25.63;24.14;;75.95;63.6;;91.38;93.11;;94.55;96.3;;99.04;97.91;5.45;5.77;5.86;5.72;;;;;;;91.21;221.03;341.56;71.51;70.39;60.35;20.23;40.8;55.79;31.34;62.29;100.0;51.32;105.52;147.56;65.81;136.65;198.0;73.59;156.53;254.04;79.92;183.98;326.0;103.52;233.4;392.16;135.39;294.77;505.0;207.39;568.9;849.45;266.28;772.04;1174.64;172.71;460.69;622.0;;;;;;;;;;;;;;;;;;;;;;;;;;;;;;;;;;
São Domingos (PB);4.71;2.03;2.9;13.72;8.92;12.57;27.05;20.36;27.67;49.36;40.0;50.47;;23.37;26.37;;87.25;69.57;;93.79;93.81;;95.68;97.69;;98.02;99.6;5.27;5.54;5.42;5.49;;;;;;;77.99;154.54;253.36;72.96;58.45;49.43;18.36;15.7;36.74;31.34;32.53;78.33;35.13;53.24;122.46;40.43;73.69;155.5;52.01;88.38;191.28;72.08;114.52;231.43;87.0;151.74;288.93;103.42;208.22;355.0;197.46;463.65;624.74;260.18;659.05;893.6;156.7;294.77;522.4;;;;;;;;;;;;;;;;;;;;;;;;;;;;;;;;;;
São Francisco (PB);2.32;3.49;3.44;8.96;12.04;13.12;20.34;26.27;28.29;44.49;49.05;51.23;;25.63;18.91;;91.11;72.57;;98.17;95.47;;98.47;97.47;;99.47;98.88;5.63;6.05;5.87;5.96;;;;;;;61.28;136.99;261.15;74.33;56.51;44.72;7.12;23.91;44.92;16.12;39.04;89.0;20.34;58.58;126.34;25.07;74.96;158.57;34.85;97.46;198.08;47.01;120.38;236.0;74.03;156.05;299.62;110.0;196.51;373.33;170.08;348.94;639.6;219.06;470.75;847.93;147.3;292.81;517.5;;;;;;;;;;;;;;;;;;;;;;;;;;;;;;;;;;
São João do Cariri (PB);2.72;4.82;2.95;9.3;14.11;10.77;19.43;28.16;23.79;35.79;49.07;43.78;;10.21;30.41;;83.54;62.3;;93.53;90.6;;97.19;95.31;;98.92;97.49;6.2;6.49;6.47;6.37;;;;;;;134.92;207.67;373.55;78.69;56.58;52.87;18.32;50.04;55.06;37.61;73.69;101.5;44.45;96.42;146.06;53.28;117.91;194.0;68.33;145.97;243.25;87.63;179.92;280.5;110.36;217.06;373.32;156.7;294.77;506.0;433.13;528.86;1037.8;670.94;739.39;1565.95;319.67;373.83;650.0;;;;;;;;;;;;;;;;;;;;;;;;;;;;;;;;;;
São João do Rio do Peixe (PB);1.93;1.74;2.54;8.26;7.91;9.81;19.88;19.01;22.72;41.06;37.96;44.4;;22.59;24.87;;82.52;68.24;;95.34;91.27;;97.16;95.32;;98.39;98.15;5.95;6.12;6.2;6.23;;;;;;;72.24;179.91;306.87;71.75;56.85;53.36;6.96;15.63;38.98;15.67;36.6;76.8;22.86;55.52;111.58;31.34;73.2;144.5;41.99;99.82;198.05;53.28;124.28;255.0;76.5;170.5;332.59;109.69;225.47;430.0;212.87;558.08;854.77;295.35;843.36;1207.33;162.4;322.09;574.4;;;;;;;;;;;;;;;;;;;;;;;;;;;;;;;;;;
São João do Tigre (PB);5.34;1.58;2.23;15.78;6.0;8.58;31.74;15.77;22.11;55.16;35.25;46.06;;22.67;32.98;;95.43;82.23;;99.06;98.14;;99.46;99.1;;99.46;99.72;4.22;4.44;4.57;4.63;;;;;;;64.12;131.48;207.42;83.57;59.59;42.83;17.12;10.37;23.13;26.12;19.52;37.8;33.48;29.08;65.84;40.55;39.04;100.0;51.19;64.23;140.32;62.68;86.09;177.5;75.08;128.08;248.38;91.61;183.5;336.0;143.76;425.65;558.53;182.57;631.62;680.46;123.87;292.81;510.0;;;;;;;;;;;;;;;;;;;;;;;;;;;;;;;;;;
São José da Lagoa Tapada (PB);1.16;1.92;2.02;5.49;8.11;9.15;13.87;21.97;24.54;31.26;46.02;48.73;;28.56;39.54;;90.76;74.71;;98.2;96.3;;99.2;98.24;;99.61;98.61;4.73;5.0;4.91;4.75;;;;;;;71.32;109.65;216.66;78.07;55.2;42.77;4.15;10.51;21.9;9.4;19.52;30.0;15.42;33.95;77.24;20.89;49.13;125.5;29.88;75.97;166.71;37.61;98.26;204.0;62.03;131.89;261.98;90.82;171.78;336.0;245.11;295.93;536.4;383.59;384.67;692.15;164.54;254.26;510.0;;;;;;;;;;;;;;;;;;;;;;;;;;;;;;;;;;
São José de Caiana (PB);4.42;2.66;2.87;12.17;8.9;12.14;24.32;19.52;28.17;43.33;40.23;53.23;;20.47;16.92;;87.99;57.87;;96.77;92.48;;98.72;98.04;;99.46;99.3;4.43;4.67;4.45;4.26;;;;;;;49.18;110.28;238.28;77.39;68.97;61.85;10.87;14.66;34.16;14.46;21.69;70.5;19.06;34.44;110.45;24.45;47.0;145.4;29.88;58.54;191.06;36.67;78.08;244.57;46.73;114.18;298.57;61.5;163.32;364.6;139.34;329.59;558.4;197.43;459.42;695.68;96.37;244.99;492.0;;;;;;;;;;;;;;;;;;;;;;;;;;;;;;;;;;
São José de Espinharas (PB);4.78;2.29;3.33;15.29;11.54;12.74;30.1;27.41;27.46;50.81;49.92;51.6;;18.73;22.63;;82.43;66.33;;94.43;93.86;;97.66;97.83;;100.0;99.51;5.69;6.57;5.69;8.72;;;;;;;69.61;143.77;234.08;78.15;59.71;50.51;16.65;16.49;38.97;30.09;46.7;72.8;36.55;66.47;110.16;45.01;97.6;134.0;51.56;114.1;172.27;61.78;136.65;210.25;72.07;161.76;282.47;86.03;208.63;357.0;171.22;360.03;563.55;241.88;485.63;695.81;123.87;271.73;510.0;;;;;;;;;;;;;;;;;;;;;;;;;;;;;;;;;;
São José de Piranhas (PB);2.95;1.5;2.33;9.73;7.74;10.46;21.38;20.08;24.84;40.44;42.07;47.83;;27.52;16.43;;83.6;56.7;;95.85;90.6;;97.12;94.67;;98.84;98.04;5.7;6.58;6.57;5.78;;;;;;;93.23;161.99;321.53;69.12;58.58;57.55;13.76;12.12;37.5;23.51;29.28;85.0;31.6;50.6;130.73;40.29;71.58;176.67;54.32;99.95;231.12;68.9;129.49;289.0;88.84;178.08;369.55;117.41;231.32;473.33;277.65;469.18;842.13;405.75;659.24;1166.36;188.04;317.41;597.0;;;;;;;;;;;;;;;;;;;;;;;;;;;;;;;;;;
São José de Princesa (PB);5.3;0.55;1.91;14.6;6.62;10.99;28.01;19.55;27.66;47.27;43.81;52.93;;45.54;30.3;;84.52;74.47;;97.84;95.93;;98.78;99.11;;99.8;99.75;4.37;4.54;4.48;4.65;;;;;;;80.06;122.64;221.16;80.56;65.48;47.68;21.23;3.35;21.16;28.21;16.27;44.0;37.22;37.27;100.39;47.01;58.56;146.0;53.69;79.26;184.29;58.76;109.32;217.0;77.1;148.78;279.49;105.77;196.51;340.0;211.09;344.55;525.04;292.54;437.53;636.37;156.7;294.77;486.0;;;;;;;;;;;;;;;;;;;;;;;;;;;;;;;;;;
São José do Bonfim (PB);4.57;2.91;2.3;13.66;13.0;10.7;27.94;28.36;25.45;51.2;52.56;49.68;;36.84;15.67;;87.89;62.27;;98.07;92.83;;98.07;97.02;;100.0;98.98;4.28;4.51;4.28;4.57;;;;;;;69.66;129.37;244.14;71.66;55.02;54.72;15.93;18.79;28.13;25.07;44.37;66.67;31.64;65.28;102.53;37.61;81.66;140.0;49.76;99.34;180.01;57.98;124.28;232.2;80.98;156.53;295.71;106.38;195.21;363.5;169.98;306.89;616.77;224.59;383.95;787.2;126.22;294.77;510.0;;;;;;;;;;;;;;;;;;;;;;;;;;;;;;;;;;
São José do Brejo do Cruz (PB);5.7;4.63;2.82;13.48;15.13;11.86;24.44;32.57;26.43;42.73;55.6;50.62;;4.13;21.56;;83.38;57.54;;96.57;93.77;;98.34;97.06;;100.0;99.62;6.5;7.14;6.98;7.21;;;;;;;105.51;146.61;223.11;90.96;70.7;59.47;30.07;33.97;31.43;32.91;65.07;63.33;41.05;76.95;100.91;47.86;98.26;127.64;57.8;127.83;162.51;73.34;149.01;200.0;96.49;168.81;269.87;125.36;188.83;340.0;302.14;325.5;552.62;449.33;428.65;675.57;164.06;268.9;505.0;;;;;;;;;;;;;;;;;;;;;;;;;;;;;;;;;;
São José do Sabugi (PB);6.14;4.59;4.92;16.51;13.83;14.55;30.77;28.66;28.96;52.6;50.91;52.12;;12.83;17.32;;85.4;62.0;;97.4;91.0;;97.4;96.42;;99.36;99.16;6.28;6.67;6.55;6.73;;;;;;;99.59;175.73;302.36;77.57;63.89;61.49;30.58;40.34;74.32;47.01;61.82;114.0;51.63;81.16;145.62;60.64;101.18;174.0;71.01;130.29;217.83;84.33;157.14;280.0;108.7;195.52;350.18;139.85;248.4;455.0;236.03;431.32;730.17;317.29;589.07;944.81;173.37;294.77;555.0;;;;;;;;;;;;;;;;;;;;;;;;;;;;;;;;;;
São José dos Cordeiros (PB);4.04;3.51;2.24;12.01;11.46;10.75;25.2;24.64;24.74;47.58;46.13;48.6;;22.02;48.09;;91.04;84.28;;96.64;97.55;;98.56;99.38;;99.53;100.0;4.5;4.61;4.61;4.74;;;;;;;70.52;150.04;233.71;79.35;53.67;31.41;14.23;26.33;26.21;22.34;36.6;58.0;28.11;59.63;99.39;33.58;78.41;130.0;46.5;98.9;163.52;56.41;114.52;200.0;78.91;161.24;278.81;105.2;206.92;360.0;184.83;404.11;602.13;239.16;529.55;690.08;153.44;330.88;510.0;;;;;;;;;;;;;;;;;;;;;;;;;;;;;;;;;;
São José dos Ramos (PB);5.24;2.82;2.02;14.14;10.01;9.83;27.81;21.05;23.84;49.59;38.48;46.31;;31.04;42.58;;87.0;65.1;;96.68;95.9;;98.11;98.09;;98.94;99.28;4.92;5.16;5.01;4.98;;;;;;;92.49;148.72;212.12;81.92;71.4;53.58;24.21;20.98;21.46;33.43;39.22;46.6;41.18;53.49;82.8;47.86;65.5;112.0;63.22;82.03;148.62;75.22;98.26;182.5;100.7;129.6;238.23;127.4;171.3;328.0;233.11;457.48;570.21;311.79;682.94;738.44;187.8;294.77;510.0;;;;;;;;;;;;;;;;;;;;;;;;;;;;;;;;;;
São Mamede (PB);5.25;3.6;3.26;14.04;11.4;11.19;27.29;22.67;24.09;46.96;40.28;44.38;;15.77;12.33;;82.69;52.34;;94.54;90.49;;96.86;95.46;;98.3;98.2;6.26;6.09;5.71;5.77;;;;;;;107.04;223.22;371.01;75.75;59.86;59.16;28.1;40.17;60.55;39.8;67.24;110.0;47.03;87.07;147.1;56.41;101.51;187.5;70.93;125.74;239.31;82.17;147.38;294.4;105.28;196.57;376.39;134.76;257.68;487.4;283.84;666.56;1031.43;405.45;1029.78;1547.84;188.04;391.39;611.5;;;;;;;;;;;;;;;;;;;;;;;;;;;;;;;;;;
São Miguel de Taipu (PB);5.02;4.36;2.23;15.1;13.44;10.89;29.42;27.9;25.39;51.37;49.44;48.2;;22.99;45.31;;90.24;70.29;;97.83;95.9;;98.98;98.46;;99.54;99.63;5.34;5.44;5.28;5.39;;;;;;;91.78;138.81;198.63;81.92;67.55;50.36;23.02;30.24;22.12;34.6;44.62;48.4;46.3;63.02;86.06;56.62;77.43;115.2;65.71;100.38;143.97;79.92;117.91;170.0;100.71;149.52;226.51;117.53;181.82;283.0;223.15;350.9;514.73;302.97;491.84;673.34;174.88;261.58;455.71;;;;;;;;;;;;;;;;;;;;;;;;;;;;;;;;;;
São Sebastião de Lagoa de Roça (PB);1.73;0.95;2.61;8.7;6.78;10.85;20.68;17.24;24.95;38.21;34.52;48.81;;38.12;38.03;;83.61;68.73;;95.09;92.87;;97.09;96.59;;98.89;98.87;4.75;4.74;4.72;4.52;;;;;;;106.42;220.52;262.87;76.77;70.93;56.22;9.22;10.52;34.36;26.86;42.11;77.33;37.09;64.21;108.28;47.01;87.84;138.5;63.7;115.31;185.25;78.35;147.38;236.4;93.29;190.6;313.7;120.66;242.06;408.0;328.78;721.93;673.34;506.79;1156.27;856.48;185.35;320.14;555.0;;;;;;;;;;;;;;;;;;;;;;;;;;;;;;;;;;
São Sebastião do Umbuzeiro (PB);5.48;3.7;3.52;16.27;12.06;11.88;32.07;27.93;25.87;53.19;52.72;49.81;;10.81;20.68;;88.19;74.72;;96.54;95.38;;98.16;97.3;;99.75;99.33;5.13;5.38;5.35;5.44;;;;;;;116.84;171.59;263.04;74.29;60.56;54.35;32.03;31.77;46.29;44.92;50.75;81.0;63.02;71.66;109.99;78.35;98.26;141.2;92.27;136.15;183.99;110.33;166.9;233.33;123.4;212.71;314.81;141.03;255.33;382.5;273.46;405.66;669.97;372.54;513.34;847.42;197.44;341.62;556.5;;;;;;;;;;;;;;;;;;;;;;;;;;;;;;;;;;
Sapé (PB);4.89;2.56;2.3;13.76;10.74;11.07;26.38;23.99;25.35;45.68;44.73;46.86;;8.87;14.24;;78.39;49.44;;93.45;91.12;;96.0;96.3;;98.52;98.32;6.5;7.09;7.12;7.01;;;;;;;121.05;160.83;266.29;80.49;69.52;60.26;29.57;20.58;30.67;42.31;48.8;76.29;53.72;65.8;116.76;63.46;84.72;155.5;76.37;106.54;190.1;91.87;130.79;234.0;116.8;166.75;286.38;149.6;219.61;362.67;328.78;444.47;709.28;482.19;618.12;1028.12;211.97;325.35;515.0;;;;;;;;;;;;;;;;;;;;;;;;;;;;;;;;;;
Seridó (PB);4.75;0.94;3.17;13.14;7.55;11.36;26.63;20.78;26.0;49.89;44.48;49.16;;50.57;39.77;;89.69;69.29;;98.36;95.32;;99.37;97.53;;99.88;99.59;4.03;4.11;3.93;3.81;;;;;;;70.68;110.79;214.38;86.4;57.4;52.02;16.79;5.2;34.0;23.51;22.45;55.5;29.64;36.6;87.78;37.61;52.71;124.4;47.7;73.33;156.89;63.13;97.6;199.67;82.2;131.25;248.26;104.36;172.96;312.5;177.08;307.58;542.2;232.79;411.78;717.86;146.04;254.55;494.43;;;;;;;;;;;;;;;;;;;;;;;;;;;;;;;;;;
Serra Branca (PB);2.16;3.92;3.25;8.23;11.23;11.89;18.03;23.07;25.84;35.9;42.68;48.21;;7.23;24.92;;81.97;63.96;;93.82;91.52;;95.96;96.79;;97.87;98.56;5.43;6.02;5.87;5.53;;;;;;;134.72;225.87;330.05;72.61;59.77;49.03;14.53;44.27;53.65;29.99;65.07;102.4;40.88;82.59;142.63;50.7;98.72;180.0;66.05;133.69;230.22;86.97;163.49;283.33;120.34;221.48;369.12;161.95;293.79;502.5;431.8;647.35;848.69;670.43;964.66;1170.22;246.49;405.55;633.33;;;;;;;;;;;;;;;;;;;;;;;;;;;;;;;;;;
Serra da Raiz (PB);4.61;4.33;3.19;12.59;13.8;12.05;25.88;29.05;25.35;46.07;52.13;46.45;;41.68;29.59;;90.14;62.14;;97.45;93.97;;99.32;97.48;;100.0;98.85;6.0;6.3;6.23;6.29;;;;;;;90.21;136.61;278.22;78.42;46.29;52.7;20.79;29.57;44.35;26.86;49.13;86.0;35.99;64.69;123.22;47.01;76.41;155.0;59.96;104.18;185.13;77.57;119.96;226.29;91.08;157.66;293.47;109.73;196.51;372.4;243.23;326.95;747.83;355.82;432.94;1170.37;154.19;290.47;530.0;;;;;;;;;;;;;;;;;;;;;;;;;;;;;;;;;;
Serra Grande (PB);3.64;2.06;2.21;10.63;8.59;11.66;22.82;20.69;26.78;43.03;40.99;49.85;;20.44;34.68;;86.07;65.33;;94.7;92.85;;97.39;96.11;;98.75;99.62;9.54;10.18;10.05;9.32;;;;;;;68.91;201.97;244.05;72.69;61.74;55.04;12.54;20.82;26.99;18.8;39.04;61.0;24.08;65.89;115.32;31.97;97.6;150.0;42.01;122.26;184.4;54.88;146.02;217.6;69.65;204.97;281.55;90.89;273.29;364.0;196.28;595.93;609.72;272.76;884.71;737.35;144.16;376.75;510.0;;;;;;;;;;;;;;;;;;;;;;;;;;;;;;;;;;
Serra Redonda (PB);3.85;3.39;2.1;12.48;12.43;9.97;25.88;26.48;25.1;46.27;47.67;50.01;;21.04;31.68;;87.89;60.21;;97.11;94.27;;98.85;97.35;;99.39;99.23;5.35;5.54;5.14;5.02;;;;;;;93.49;183.36;268.53;73.87;49.56;51.75;18.02;31.12;28.21;31.34;58.95;63.33;40.31;82.87;105.71;49.36;101.12;147.5;62.67;128.79;203.14;77.9;153.66;255.0;95.27;194.24;334.39;118.09;244.99;440.0;251.2;479.79;675.7;354.28;675.93;887.72;174.88;318.19;520.0;;;;;;;;;;;;;;;;;;;;;;;;;;;;;;;;;;
Serraria (PB);3.23;1.15;2.46;10.51;6.99;10.18;21.4;19.3;23.76;39.35;41.31;47.03;;31.05;40.03;;88.43;74.47;;97.32;94.47;;98.75;97.0;;99.5;99.6;7.57;5.99;6.15;5.93;;;;;;;89.01;130.02;224.2;79.5;53.27;44.19;14.37;7.48;27.53;23.51;20.92;57.5;32.42;37.93;86.61;39.18;54.66;118.86;48.44;80.04;152.2;59.1;109.71;190.0;79.92;143.13;260.9;103.42;179.27;340.0;269.92;381.52;607.18;416.02;527.42;713.17;144.79;294.77;510.0;;;;;;;;;;;;;;;;;;;;;;;;;;;;;;;;;;
Sertãozinho (PB);6.1;2.92;2.58;17.45;11.89;10.86;34.47;28.06;26.01;56.84;49.88;51.26;;37.42;33.29;;87.74;64.34;;98.3;93.7;;98.48;97.02;;99.38;99.04;6.04;5.97;5.87;5.66;;;;;;;86.13;158.34;252.11;71.52;53.64;51.2;26.25;23.12;32.54;37.61;50.2;60.0;48.91;71.0;104.39;62.68;97.6;145.0;73.28;128.02;190.91;86.76;147.38;254.0;96.31;172.77;318.31;116.58;196.51;390.0;185.88;396.8;607.5;226.53;560.85;748.05;167.58;294.77;516.67;;;;;;;;;;;;;;;;;;;;;;;;;;;;;;;;;;
Sobrado (PB);6.31;1.88;1.69;16.07;9.8;10.01;29.87;22.78;25.32;50.12;45.49;49.99;;29.62;39.31;;86.42;68.54;;95.79;96.7;;98.17;98.64;;99.11;99.48;6.44;6.83;6.64;6.69;;;;;;;98.84;141.97;210.08;86.26;70.23;54.92;31.21;13.34;17.74;41.79;39.04;37.33;48.2;56.26;87.36;56.41;73.69;127.5;68.21;92.09;160.88;84.62;121.03;200.0;100.06;161.21;259.07;120.88;215.12;327.5;246.54;386.95;532.02;353.86;519.37;669.85;167.36;294.77;510.0;;;;;;;;;;;;;;;;;;;;;;;;;;;;;;;;;;
Solânea (PB);2.23;1.71;2.32;7.74;7.38;9.04;17.12;18.03;20.96;32.96;36.24;40.72;;31.37;24.56;;80.68;63.19;;90.88;89.93;;93.85;94.22;;97.14;97.45;5.98;6.41;6.38;6.4;;;;;;;141.55;206.9;318.38;81.28;57.4;60.87;15.77;17.69;36.87;28.21;42.11;66.67;39.03;58.67;107.09;51.28;78.08;135.71;66.37;110.13;189.74;84.62;145.57;248.33;112.1;188.4;314.57;156.87;273.29;405.0;474.47;659.6;942.84;747.07;1002.3;1386.97;264.01;410.91;576.67;;;;;;;;;;;;;;;;;;;;;;;;;;;;;;;;;;
Soledade (PB);3.86;1.66;3.29;11.67;8.14;11.26;23.37;19.85;24.22;41.43;40.01;44.36;;28.21;15.35;;83.12;56.57;;94.22;90.74;;96.42;95.55;;98.32;97.81;7.41;7.73;8.08;7.5;;;;;;;130.73;203.44;330.05;78.98;66.71;65.84;25.24;16.85;54.27;39.18;47.28;98.75;51.01;65.91;131.57;63.18;87.84;167.14;76.51;119.16;213.77;91.2;156.56;256.0;118.04;205.04;332.42;149.81;271.99;435.0;382.84;610.22;916.05;573.63;905.36;1303.77;242.1;378.22;632.5;;;;;;;;;;;;;;;;;;;;;;;;;;;;;;;;;;
Sossêgo (PB);6.3;3.73;2.08;16.41;12.27;9.4;31.88;26.62;23.68;52.28;51.02;47.68;;56.63;41.71;;93.39;68.78;;98.41;94.63;;100.0;98.2;;100.0;99.3;5.45;5.72;5.57;5.54;;;;;;;78.3;121.06;218.2;83.07;44.26;54.12;24.65;22.59;22.67;30.09;39.04;38.0;39.59;51.68;79.9;48.89;67.35;122.17;60.59;86.85;155.77;67.69;113.22;197.0;79.85;147.71;261.82;94.02;180.89;340.0;186.83;296.47;568.02;233.57;385.61;677.21;188.04;254.16;510.0;;;;;;;;;;;;;;;;;;;;;;;;;;;;;;;;;;
Sousa (PB);3.14;2.85;3.12;10.1;9.76;10.45;21.02;20.63;22.22;39.46;38.33;41.64;;8.4;5.62;;69.99;42.03;;87.04;82.68;;91.3;90.04;;96.29;94.81;9.96;10.65;10.22;10.06;;;;;;;170.13;289.34;443.81;81.44;74.19;71.93;26.7;41.24;69.33;44.42;73.69;125.0;59.2;100.0;162.5;75.22;126.89;203.0;92.91;157.28;261.21;118.67;195.21;338.0;156.88;256.08;431.01;210.87;346.5;520.0;514.98;892.13;1290.38;775.39;1340.3;1922.02;322.8;585.63;890.0;;;;;;;;;;;;;;;;;;;;;;;;;;;;;;;;;;
Sumé (PB);4.17;3.39;3.53;12.68;11.38;11.7;25.81;23.64;25.03;46.07;42.56;46.5;;8.24;17.78;;82.06;63.85;;93.18;92.61;;95.71;95.42;;98.57;97.84;5.96;6.06;6.87;6.3;;;;;;;129.47;196.9;339.68;69.74;59.1;59.79;27.01;33.4;60.02;43.13;58.56;102.2;55.07;78.69;138.65;68.26;97.6;176.0;85.02;120.61;226.48;105.77;147.38;272.0;131.12;186.31;364.53;175.95;244.99;490.0;349.15;565.51;910.33;486.31;839.11;1300.37;275.95;325.57;610.0;;;;;;;;;;;;;;;;;;;;;;;;;;;;;;;;;;
Tacima (PB);1.64;0.01;2.57;8.23;5.17;10.43;18.72;17.8;24.98;34.99;41.8;48.87;;45.77;26.87;;86.75;65.96;;96.37;94.92;;97.85;97.9;;99.49;99.22;4.42;4.68;4.46;4.42;;;;;;;92.37;120.1;195.07;67.38;50.06;48.14;7.57;0.03;25.08;21.25;1.95;42.93;30.43;31.03;76.68;38.46;49.13;106.8;48.44;75.84;141.88;57.46;105.97;170.0;75.14;144.14;233.01;103.42;185.84;278.0;300.25;349.48;500.49;469.39;465.1;662.6;169.24;294.77;438.5;;;;;;;;;;;;;;;;;;;;;;;;;;;;;;;;;;
Taperoá (PB);3.18;1.71;2.81;10.69;8.73;11.45;22.64;21.67;25.68;43.65;44.25;48.05;;41.88;28.37;;87.63;66.23;;96.38;94.7;;98.78;97.15;;99.89;98.96;5.16;5.37;5.19;4.99;;;;;;;84.38;139.37;267.88;73.55;50.82;51.29;13.41;11.9;37.68;23.51;32.53;79.0;31.71;48.94;115.65;39.18;65.07;150.0;50.39;90.15;190.64;67.16;117.91;244.4;88.68;157.37;299.62;112.82;208.87;382.5;237.73;388.5;697.82;335.56;516.17;976.22;172.53;294.77;520.0;;;;;;;;;;;;;;;;;;;;;;;;;;;;;;;;;;
Tavares (PB);3.79;3.2;2.01;10.34;11.01;9.16;20.25;24.96;23.12;36.35;48.05;45.83;;36.51;29.96;;89.59;63.27;;97.1;92.48;;98.48;96.72;;99.55;98.79;4.64;4.99;4.89;4.93;;;;;;;88.67;121.45;260.75;85.99;58.75;55.39;16.78;19.43;26.15;23.51;32.53;50.0;29.07;47.43;93.22;36.16;62.75;130.8;43.91;84.7;182.07;56.41;108.67;228.0;71.41;140.19;296.08;94.02;176.66;377.0;282.2;315.48;706.42;452.21;420.77;1074.2;134.31;260.28;512.0;;;;;;;;;;;;;;;;;;;;;;;;;;;;;;;;;;
Teixeira (PB);3.23;1.01;2.32;10.81;6.9;8.55;24.1;17.73;20.42;45.88;37.49;41.55;;37.92;23.88;;83.13;66.54;;94.62;90.35;;97.53;95.0;;98.84;98.13;5.89;6.01;5.62;5.63;;;;;;;103.25;166.58;271.44;81.05;64.2;60.32;16.68;8.41;31.51;28.21;29.28;58.8;39.14;49.07;84.53;51.2;69.72;115.2;68.6;90.2;161.07;86.26;117.91;206.67;112.46;164.61;286.78;154.46;221.07;383.33;279.38;520.59;793.45;383.79;764.34;1130.78;217.42;325.35;545.0;;;;;;;;;;;;;;;;;;;;;;;;;;;;;;;;;;
Tenório (PB);4.87;3.28;4.01;12.78;13.98;14.51;25.1;29.06;29.48;47.42;52.47;52.6;;1.62;16.7;;79.91;50.15;;96.03;92.33;;97.62;96.41;;99.5;99.34;6.33;6.3;6.09;6.02;;;;;;;85.91;146.94;269.63;84.76;70.54;60.25;20.94;24.08;54.05;29.38;58.56;108.57;33.97;78.6;141.61;39.18;95.65;170.0;52.92;110.85;201.76;63.46;137.3;246.67;95.86;171.95;311.73;148.08;235.81;392.5;225.85;349.22;635.53;283.27;430.07;891.52;195.09;293.46;544.0;;;;;;;;;;;;;;;;;;;;;;;;;;;;;;;;;;
Triunfo (PB);1.3;2.84;2.45;6.5;10.09;10.95;16.11;22.16;25.55;34.21;42.45;48.9;;34.32;23.23;;84.19;63.72;;94.81;91.23;;97.17;96.26;;98.39;98.49;4.83;4.95;5.02;5.13;;;;;;;77.11;161.04;292.24;79.16;55.42;54.02;5.01;22.9;35.81;12.82;42.95;72.67;20.04;58.37;124.17;27.83;73.69;165.86;37.06;97.19;213.39;47.01;122.01;277.33;69.8;163.36;341.13;95.12;224.49;425.0;253.67;463.41;746.22;381.63;648.89;1001.21;172.53;332.83;540.0;;;;;;;;;;;;;;;;;;;;;;;;;;;;;;;;;;
Uiraúna (PB);2.29;1.64;2.64;8.77;7.37;10.38;19.0;17.29;22.88;36.69;33.6;42.16;;17.6;20.02;;77.63;59.56;;91.36;87.3;;94.56;92.1;;97.25;96.57;6.35;6.97;6.72;6.79;;;;;;;124.29;238.71;361.37;65.33;72.04;61.62;14.2;19.54;47.75;27.58;42.95;93.13;40.27;68.42;139.85;53.83;97.6;174.25;63.62;118.37;225.85;78.98;147.38;265.0;109.89;194.75;348.4;147.37;293.46;466.67;393.45;792.46;1041.81;598.48;1255.02;1551.5;217.4;423.6;663.33;;;;;;;;;;;;;;;;;;;;;;;;;;;;;;;;;;
Umbuzeiro (PB);4.22;1.22;1.99;12.42;6.84;8.67;24.82;17.29;21.28;43.31;35.27;43.28;;47.13;49.61;;89.9;78.72;;96.09;95.53;;97.48;97.58;;98.69;98.99;4.92;5.03;4.85;4.66;;;;;;;102.35;145.66;237.25;87.16;50.75;44.99;21.61;8.85;23.61;34.46;26.03;40.0;41.93;40.96;79.22;52.49;57.59;111.67;63.46;76.1;149.66;75.22;98.26;193.0;94.62;130.93;260.94;118.47;163.32;340.0;290.14;471.45;688.37;433.77;710.02;845.68;172.37;294.77;510.0;;;;;;;;;;;;;;;;;;;;;;;;;;;;;;;;;;
Várzea (PB);4.19;4.48;4.47;13.39;15.27;15.11;26.38;31.07;31.27;46.54;54.39;55.2;;27.38;17.26;;87.57;56.84;;97.67;91.25;;98.74;96.27;;100.0;98.75;7.13;7.19;7.18;6.48;;;;;;;94.93;171.98;377.4;64.61;54.56;58.25;19.87;38.51;84.27;33.85;73.69;133.33;43.7;92.78;200.83;52.65;122.74;254.4;61.66;135.84;304.95;73.34;155.78;365.0;95.68;200.53;451.66;115.49;282.08;514.5;253.74;392.22;845.69;355.71;486.48;1082.64;188.04;323.56;750.0;;;;;;;;;;;;;;;;;;;;;;;;;;;;;;;;;;
Vieirópolis (PB);3.14;0.49;2.18;13.99;7.17;10.82;30.23;20.93;27.74;51.8;43.06;53.16;;44.77;32.27;;92.14;70.41;;97.37;93.64;;98.46;97.21;;99.14;99.83;4.73;4.85;4.87;4.77;;;;;;;57.56;117.1;226.49;74.99;45.88;40.42;9.03;2.85;24.64;23.46;19.52;45.0;31.22;39.13;97.83;41.13;58.56;142.5;46.76;80.59;191.67;52.65;98.26;240.0;62.08;129.58;287.81;74.51;176.47;340.0;138.73;333.36;537.0;185.68;460.01;654.36;114.94;260.93;507.5;;;;;;;;;;;;;;;;;;;;;;;;;;;;;;;;;;
Vista Serrana (PB);3.41;5.01;2.41;10.71;15.22;11.57;23.4;30.31;26.59;44.17;52.69;50.08;;24.59;29.13;;69.27;66.25;;90.7;94.75;;94.44;98.12;;97.36;98.98;5.25;5.38;5.16;5.23;;;;;;;171.32;254.5;251.49;84.96;79.08;51.24;29.19;63.8;30.25;47.01;98.69;64.43;62.53;129.88;115.21;80.62;156.17;154.57;108.73;192.03;188.87;135.81;235.03;247.5;177.91;284.76;295.47;235.05;357.23;355.0;478.21;602.01;630.41;677.73;810.81;847.89;372.99;448.98;503.33;;;;;;;;;;;;;;;;;;;;;;;;;;;;;;;;;;
Zabelê (PB);3.87;5.42;4.05;11.96;16.17;13.31;24.52;31.64;28.31;43.35;53.24;52.4;;10.19;11.36;;91.86;77.38;;97.78;96.08;;99.39;97.95;;100.0;100.0;5.12;5.33;6.04;5.84;;;;;;;124.97;166.64;272.94;77.46;64.86;51.33;24.2;45.17;55.2;37.61;73.2;95.0;50.52;89.58;126.41;63.46;102.97;163.33;78.5;128.91;204.71;90.19;162.3;252.33;117.66;179.91;328.83;169.24;199.5;455.0;353.95;389.62;645.71;517.21;532.13;781.55;235.05;294.77;555.0;;;;;;;;;;;;;;;;;;;;;;;;;;;;;;;;;;
 ; ;;;;;;;;;;;;;;;;;;;;;;;;;;;;;;;;;;;;;;;;;;;;;;;;;;;;;;;;;;;;;;;;;;;;;;;;;;;;;;;;;;;;;;;;;;;;;;;;;;;;;;;;;;;;;
Elaboração: Atlas do Desenvolvimento Humano no Brasil. Pnud Brasil, Ipea e FJP, 2022.;;;;;;;;;;;;;;;;;;;;;;;;;;;;;;;;;;;;;;;;;;;;;;;;;;;;;;;;;;;;;;;;;;;;;;;;;;;;;;;;;;;;;;;;;;;;;;;;;;;;;;;;;;;;;;
Fontes: dados do IBGE e de registros administrativos, conforme especificados nos metadados disponíveis disponíveis em: http://atlasbrasil.org.br/acervo/biblioteca.;;;;;;;;;;;;;;;;;;;;;;;;;;;;;;;;;;;;;;;;;;;;;;;;;;;;;;;;;;;;;;;;;;;;;;;;;;;;;;;;;;;;;;;;;;;;;;;;;;;;;;;;;;;;;;
